ID,Source,Geolocation,Location,State,Sightning date,Post date,Abund,Size,Ecological relation/Other strandings,Human interaction/Accident,Age,Sex,Site,URL 1,URL 2,URL 3,URL 4,URL 5
1,SM,,Peruíbe,SP,,6/19/2013,10+,,,,,,,https://www.instagram.com/p/paSlHTv-I__/,,,,
2,SM,,"Pirui, Arembepe, Bahia",BA,,7/10/2013,,,Scavenging by insects,,,,,https://www.instagram.com/p/bmruL_Qmvh/,,,,
3,SM,"Barra De São Miguel, Al",,AL,,1/28/2014,,,,,,,,https://www.instagram.com/p/ju0YFlAVY2/,,,,
4,SM,,"Praia dos Carneiros, Tamandaré",PE,,2/8/2014,,,,,,,,https://www.instagram.com/p/kKy6gGKZvS/,,,,
5,SM,,"Praia dos Carneiros, Tamandaré",PE,,3/29/2014,,,,,,,,https://www.instagram.com/p/mH-_7ToHGo/,,,,
6,SM,,"Morro de São Paulo, Bahia",BA,,12/17/2014,,,,,,,,https://www.instagram.com/p/wtjgPhpSxg/,,,,
7,SM,,Praia da Corvina,PA,,1/6/2015,,,,,,,,https://www.instagram.com/p/xhGwqyC832/,,,,
8,SM,Praia Do Zumbi,,RN,,1/12/2015,,,,,,,,https://www.instagram.com/p/xwgT05FRau/,,,,
9,SM,,"praia do Leblon, Rio de Janeiro",RJ,1/22/2015 0:00,1/22/2015,,,,1 accident,,F,,https://www.instagram.com/p/yKct2-IqaV/,,,,
10,SM,,"Praia Ponta Verde, Alagoas",AL,,3/18/2015,,,,,,,,https://www.instagram.com/p/0YZ20Bs2lH/,,,,
11,SM,,"Aracaju, Sergipe",SE,,7/1/2015,4,,,,,,,https://www.instagram.com/p/4nHFAFhcI-/,,,,
12,SM,,"Taipu de Fora, Camamu, Bahia",BA,,1/9/2016,,,,,,,,https://www.instagram.com/p/BAVLV0xKi97/,,,,
13,SM,Praia De Boa Viagem,,PE,,3/25/2016,,3 cm,,touching/ holding the jellyfish,,F,,https://www.instagram.com/p/BDY03N6s772/,,,,
14,SM,Praia de Maracaipe - PE,,PE,,3/25/2016,,,,,,,,https://www.instagram.com/p/BOdRV5HAg0x/,,,,
15,SM,Praia de Aleluia - Salvador Bahia,,BA,,5/21/2016,,,,,,,,https://www.instagram.com/p/BFq6fTAqn5m/,,,,
16,SM,praia formosa-cabedelo,,PB,,7/1/2016,,,,,,,,https://www.instagram.com/p/BHVGJHCj1F0/,,,,
17,SM,Praia de Jeribucaçu,Itacaré,BA,,7/11/2016,,,,,,,,https://www.instagram.com/p/BHuL2lLAM2I/,,,,
18,SM,Praia de Boa Viagem,,PE,,7/14/2016,,,,,,,,https://www.instagram.com/p/BH2-VSYBA9P/,,,,
19,SM,Beberibe-Morro Branco,,CE,,8/5/2016,,,,,,,,https://www.instagram.com/p/BItjIXhgo2y/,,,,
20,SM,"Praia Da Caponga, Cascavel, Ceará",,CE,,10/1/2016,,,,,,,,https://www.instagram.com/p/BLB8FsHDy9u/,,,,
21,SM,Praia Nova- CE,,CE,,10/28/2016,,5 cm,,touching/ holding the jellyfish,,M,,https://www.instagram.com/p/BMHC9wbAk4J/,,,,
22,SM,Praia Larangeiras,,SC,,11/25/2016,,,,,,,,https://www.instagram.com/p/BNPhp2ajBkJ/,,,,
23,SM,Praia do Refúgio,,SE,,11/26/2016,,,,,,,,https://www.instagram.com/p/BNSgBWOgN4f/,,,,
24,SM,Praia do Refúgio,Aracaju,SE,,11/26/2016,,,,,,,,https://www.instagram.com/p/BNSd9_TgLbB/,,,,
25,SM,Praia Do Julião Ilhabela,,SC,11/27/2016 0:00,11/28/2016,,,,,,,,https://www.instagram.com/p/BNXoneTg_eA/,,,,
26,SM,Hostel Fran6,,AL,,11/29/2016,,,,,,,,https://www.instagram.com/p/BNaOjUWBoAE/,,,,
27,SM,Barra De Camaratuba,,PB,,12/4/2016,,,,,,,,https://www.instagram.com/p/BNmp2B8AR-Z/,,,,
28,SM,"Praia Cruz Das Almas, Maceió, Alagoas",,AL,,12/10/2016,,,,,,,,https://www.instagram.com/p/BN1NaGjD-2z/,,,,
29,SM,Caça & Pesca Aracaju,,SE,,12/12/2016,marcheio,,,,,,,https://www.instagram.com/p/BN7L6MGDd7l/,,,,
30,SM,Península De Maraú,,BA,,12/21/2016,,,,,,,,https://www.instagram.com/p/BOSvruMjsST/,,,,
31,SM,Praia Do Paiva,,PE,,12/29/2016,,,,,,,,https://www.instagram.com/p/BOnO3NiluZP/,,,,
32,SM,Itacaré,,BA,,1/19/2017,,,,,,,,https://www.instagram.com/p/BPcpH7KgbkX/,,,,
33,SM,,"Praia do Diabo, Rio de Janeiro",RJ,,1/21/2017,,,Umbrella for small fishes (NI),,,,,https://www.instagram.com/p/BPiW0JBDzsW/,,,,
34,SM,Praia do Refúgio,,SE,1/22/2017 0:00,1/22/2017,grandequantidade,,,,,,,https://www.instagram.com/p/BPlXN0hgZ8C/,,,,
35,SM,Itapoá Beach,,SC,,2/17/2017,,,,,,,,https://www.instagram.com/p/BQoHMcTjlMT/,,,,
36,SM,,"Massarandupió, Bahia",BA,,2/13/2017,,,,,,,,https://www.instagram.com/p/BQcBj9-A6Kv/,,,,
37,SM,,"Praia do Atalaia, Aracaju, Sergipe",SE,,7/13/2017,2,,,,,,,https://www.instagram.com/p/BWfCMzTj_cL/,,,,
38,SM,Náufragos,Sergipe,SE,,9/21/2017,,,,,,,,https://www.instagram.com/p/B2sKaLHBXOL/,,,,
39,SM,Praia Do Futuro,,CE,,9/24/2017,,,,,,,,https://www.instagram.com/p/BZbq6qHAPgX/,,,,
40,SM,São Miguel dos Milagres,,AL,10/1/2017 0:00,1/20/2018,,,,,,,,https://www.instagram.com/p/BeOm0uRn6Yj/,,,,
41,SM,João Pessoa,,PB,,10/12/2017,,,,,,,,https://www.instagram.com/p/BaJOPYyh1Ln/,,,,
42,SM,,"Complexo de Suape, Pernambuco",PE,,10/21/2017,,,Umbrella for small fishes (BLUE),,,,,https://www.instagram.com/p/BahVWT2gUac/,,,,
43,SM,,"Siribinha, Conde, Bahia",BA,,11/5/2017,2,,,,,,,https://www.instagram.com/p/BbISqwljz4F/,,,,
44,SM,Praia do Farol da Barra - Salvador- BA,,BA,,11/10/2017,,,,,,,,https://www.instagram.com/p/BbUQByvlV5F/,,,,
45,SM,Praia Da Maramatailhéusba,,BA,,11/22/2017,,,,,,,,https://www.instagram.com/p/Bb0DLa8ASw5/,,,,
46,SM,,"Canoa Quebrada, Ceará",CE,,11/27/2017,,,,,,,,https://www.instagram.com/p/BcAfXnPhnwO/,,,,
47,SM,Peruíbe,,SP,,11/29/2017,,,,,,,,https://www.instagram.com/p/BcFbXIGDvB7/,,,,
48,SM,Maragogi,,AL,,12/5/2017,,,,,,,,https://www.instagram.com/p/BcU9W4IltJv/,,,,
49,SM,"Quarta Praia, Morro De São Paulo-Ba",,BA,,12/11/2017,,,,,,,,https://www.instagram.com/p/BckcxLshC4K/,,,,
50,SM,Imbassai Beach,,BA,,12/20/2017,,,,,,,,https://www.instagram.com/p/Bc8SLrrD5_z/,,,,
51,SM,Porto de Galinhas - Recife/ PE,,PE,,12/22/2017,,,,,,,,https://www.instagram.com/p/BdBUUKTgAJ3/,,,,
52,SM,Pontal de Cupe,,PE,,12/27/2017,,,,,,,,https://www.instagram.com/p/BdNy9ofH549/,,,,
53,SM,,"Enseada dos Golfinhos, Itamaraca",PE,,12/28/2017,,,,,,,,https://www.instagram.com/p/BdQPL2NhIRi/,,,,
54,SM,Guarajuba Beach,,BA,,12/30/2017,,,,,,,,https://www.instagram.com/p/BdVWf13FMBn/,,,,
55,SM,,Morro de São Paulo,BA,,12/30/2017,,,,,,,,https://www.instagram.com/p/BdVExLNBiyC/,,,,
56,SM,,"Caraíva, Bahia",BA,,1/12/2018,,,,,,,,https://www.instagram.com/p/Bd3pMP0lb4x/,,,,
57,SM,Garopaba Beach,,SC,1/18/2018 0:00,1/18/2018,,,,,,,,https://www.instagram.com/p/BeGFg-xnYOM/,,,,
58,SM,,"Recife, Pernambuco",PE,,1/18/2018,,,,,,,,https://www.instagram.com/p/BeHJ2JAlsjh/,,,,
59,SM,Gostoso Beach,São Miguel do Gostoso,RN,,1/18/2018,,,,,,,,https://www.instagram.com/p/BeGKrt2j9bs/,,,,
60,SM,,"Praia do Forte, Mata de São João",BA,,1/29/2018,,,,,,,,https://www.instagram.com/p/BeiAxkHHpIZ/,,,,
61,SM,Praia do Santinho,,SC,,2/3/2018,,,,1 accident,,F,leg,https://www.instagram.com/p/BewBVZhBD7H/,,,,
62,SM,Praia Paiquerê - Morro dos Conventos,,SC,,2/17/2018,,,,,,,,https://www.instagram.com/p/BfT4wInlc_I/,,,,
63,SM,Orla de Boa Viagem,,PE,,2/24/2018,,,,,,,,https://www.instagram.com/p/BflMdOrhxXo/,,,,
64,SM,Praia Do Bessa - João Pessoa - Brasil,,PB,,3/13/2018,2,,,,,,,https://www.instagram.com/p/BgQtn4xBPn5/,,,,
65,SM,Coqueirinho do Norte,,PB,,3/20/2018,,,,,,,,https://www.instagram.com/p/BgkPfqlB6FN/,,,,
66,SM,São Luís Island,,MA,,3/25/2018,,,,,,,,https://www.instagram.com/p/BgwPyBiH-Tq/,,,,
67,SM,"Arembepe, Bahia, Brazil",,BA,,3/25/2018,,,,,,,,https://www.instagram.com/p/BgwFQlSBvYj/,,,,
68,SM,Praia de Villas - Salvador - Bahia,,BA,,3/31/2018,,,,,,,,https://www.instagram.com/p/Bg_qY3qgMkQ/,,,,
69,SM,Salvador,,BA,,4/16/2018,,,,,,,,https://www.instagram.com/p/Bhnmhorl0QK/,,,,
70,SM,"Tamandaré, Pernambuco, Brazil",,PE,,4/21/2018,,,,,,,,https://www.instagram.com/p/Bh2fgk5hguy/,,,,
71,SM,Maceió,,AL,,5/4/2018,,5 cm,,touching/ holding the jellyfish,,M,,https://www.instagram.com/p/BiWp8tZHpTB/,,,,
72,SM,Natal,,RN,,7/31/2018,muitas,,,,,,,https://www.instagram.com/p/Bl546TdDii3/,,,,
73,SM,Wish Resort Natal By GJP,,RN,,8/2/2018,,,,,,,,https://www.instagram.com/p/Bl_2LGEAcC-/,,,,
74,SM,Praia de Tambaú - PB - Brazil,,PB,,8/21/2018,,,,,,,,https://www.instagram.com/p/Bmv1_K9luzB/,,,,
75,SM,,Stela Maris,BA,,9/8/2018,,,,,,,,https://www.instagram.com/p/BneEDnEBLyI/,,,,
76,SM,Jequiá da Praia,,AL,,9/27/2018,,,,,,,,https://www.instagram.com/p/BoP9sjTH3Ta/,,,,
77,SM,,"Pararacuru, Nordeste",CE,,10/5/2018,,,,,,,,https://www.instagram.com/p/BojpW-KH01B/,,,,
78,SM,Olinda,,PE,,10/11/2018,,,,,,,,https://www.instagram.com/p/BozMfxvguXx/,,,,
79,SM,"Tamandaré, Pernambuco, Brazil",,PE,,10/12/2018,2,,,,,,,https://www.instagram.com/p/Bo18yvmAfFm/,,,,
80,SM,"Aquiraz, Ceara, Brazil",,CE,,10/14/2018,,,,,,,,https://www.instagram.com/p/Bo6Ldr-lbOP/,,,,
81,SM,A Onde O Mal Não Mi Atinge,,PE,,10/18/2018,,,,,,,,https://www.instagram.com/p/BqThJ-vAhpu/,,,,
82,SM,,Praia do Forte,BA,,10/18/2018,,,,,,,,https://www.instagram.com/p/BpFrhuVlHSl/,,,,
83,SM,Praia do Bougainvilée - I,,SP,10/20/2018 0:00,10/22/2018,praiacheia,,,,,,,https://www.instagram.com/p/BpPTlXTlBtX/,,,,
84,SM,Itanhaém,,SP,,10/20/2018,,,,,,,,https://www.instagram.com/p/BpK3LZJlKGO/,,,,
85,SM,"Caburé, Maranhao, Brazil",,MA,,10/23/2018,,,,,,,,https://www.instagram.com/p/BpSjDugFext/,,,,
86,SM,,Pau Amarelo-Paulista/PE,PE,10/28/2018 0:00,10/31/2018,1,,,,,,,https://www.instagram.com/p/BpmUrx2FJU6/,,,,
87,SM,Árvore Do Amor Maxaranguape Rn,,RN,,10/30/2018,,,,,,,,https://www.instagram.com/p/BpkcR6LFOq-/,,,,
88,SM,Porto de Galinhas - Recife/ PE,,PE,,10/31/2018,,,,,,,,https://www.instagram.com/p/Bpm1MPVDUfS/,,,,
89,SM,,Pau Amarelo-Paulista/PE,PB,,10/31/2018,1,,,,,,,https://www.instagram.com/p/BpmUrx2FJU6/,,,,
90,SM,,"praia de Carneiros, próximo de Porto de Galinhas",PE,,10/31/2018,,,,,,,,https://www.instagram.com/p/BpmUrx2FJU6/,,,,
91,SM,João Pessoa,,PB,,11/1/2018,,,,,,,,https://www.instagram.com/p/BppwmQDATHO/,,,,
92,SM,Itapoá,,SC,,11/6/2018,,,,,,,,https://www.instagram.com/p/Bp2Uzlfg1rE/,,,,
93,SM,São Francisco do Sul,,SC,,11/6/2018,,,,,,,,https://www.instagram.com/p/Bp1mWOlHLnF/,,,,
94,SM,Bombinhas Beach,,SC,,11/9/2018,,,,,,,,https://www.instagram.com/p/Bp92IrWlvsZ/,,,,
95,SM,"Boqueirão Sul, Ilha Comprida, Sp.",Cananéia,SP,,11/9/2018,3,,,,,,,https://www.instagram.com/p/Bp92o8Vn-Av/,,,,
96,SM,,"Cruz das Almas, Maceió, Alagoas",AL,,11/9/2018,,,,,,,,https://www.instagram.com/p/Bp8UqQ-hbrY/,,,,
97,SM,"Barra Do Itariri, Bahia, Brazil",,BA,,11/9/2018,,,,,,,,https://www.instagram.com/p/Bp9hUNwlcIt/,,,,
98,SM,São Francisco do Sul,,SC,,11/10/2018,emabundância,,,,,,,https://www.instagram.com/p/BqAbET_HFCN/,,,,
99,SM,Praia Da Lagoinha Do Norte,,SC,11/11/2018 0:00,11/11/2018,muitas,,,,,,,https://www.instagram.com/p/BqD4geAgV0K/,,,,
100,SM,"Campeche, Santa Catarina, Brazil",,SC,,11/11/2018,,,,,,,,https://www.instagram.com/p/BqCeMGNgSM-/,,,,
101,SM,Brasil,Aracaju,SE,,11/13/2018,,,,,,,,https://www.instagram.com/p/BqJIC_wh5b6/,,,,
102,SM,,"Praia da Ferrugem, Santa Catarina",SC,,11/16/2018,,,,,,,,https://www.instagram.com/p/BqQdLZeFu2y/,,,,
103,SM,Praia de Aruana,,SE,,11/17/2018,,,,,,,,https://www.instagram.com/p/BqTE3rNhbLt/,,,,
104,SM,Praia de Ponta Verde,,AL,,11/17/2018,,,,,,,,https://www.instagram.com/p/BqR0MRHhSQa/,,,,
105,SM,Itapema,,SC,,11/18/2018,,,,,,,,https://www.instagram.com/p/BqTidKJB2Wn/,,,,
106,SM,"Francês, Alagoas, Brazil",,AL,,11/20/2018,,,,,,,,https://www.instagram.com/p/BqaC6zThgkh/,,,,
107,SM,"Pôrto Das Galinhas, Pernambuco, Brazil",,PE,,11/21/2018,,,,,,,,https://www.instagram.com/p/BqcmGLwBYCp/,,,,
108,SM,,"Pipa, Rio Grando do Norte",RN,,11/22/2018,,,,,,,,https://www.instagram.com/p/BqgOygPlp5n/,,,,
109,SM,Ilha De Boipeba,Praia de Tassimirim,BA,,11/23/2018,,,,,,,,https://www.instagram.com/p/BqhDnVAHjB2/,,,,
110,SM,Praia de Jurerê Internacional,,SC,11/23/2018 0:00,11/23/2018,,,,,,,,https://www.instagram.com/p/BqiUhJjgk9E/,,,,
111,SM,Japaratinga,,AL,,11/24/2018,,,,,,,,https://www.instagram.com/p/BqjtyPmltnJ/,,,,
112,SM,Ilha de Guriri Espírito Santo,,ES,11/25/2018 0:00,11/25/2018,,,,,,,,https://www.instagram.com/p/BqnP9MKlLrb/,,,,
113,SM,Porto De Galinhas - PE,,PE,11/27/2018 0:00,11/27/2018,1,,,1 accident,,M,,https://www.instagram.com/p/BqtApnNnqQN/,,,,
114,SM,Maceió,,AL,,11/29/2018,,,,,,,,https://www.instagram.com/p/BqxUudylYw8/,,,,
115,SM,Natal,,RN,,11/30/2018,muitas,,,,,,,https://www.instagram.com/p/Bqzm3LegE0j/,,,,
116,SM,,Praia de Maracajaú,RN,,11/30/2018,,,,,,,,https://www.instagram.com/p/BqzmTblgM02/,,,,
117,SM,,Praia Brava Matinhos,PR,12/2/2018 0:00,12/3/2018,9,,,,,,,https://www.instagram.com/p/Bq7WaJbBhtZ/,,,,
118,SM,Maceió,,AL,,12/5/2018,,,,,,,,https://www.instagram.com/p/BrAgaurBle8/,,,,
119,SM,Praia Central,Praia Central e Paraguaios,PR,,12/7/2018,,,,,,,,https://www.instagram.com/p/BrFz7oAlj5v/,,,,
120,SM,Riviera de São Lourenço,,SP,12/10/2018 0:00,6/18/2019,,,,,,,,https://www.instagram.com/p/By2bI3MhrIL/,,,,
121,SM,Praia de Busca Vida,,BA,,12/11/2018,,,,,,,,https://www.instagram.com/p/BrP3FUKDsNN/,,,,
122,SM,Praia do Madeiro,Rio Grande do Norte,RN,,12/12/2018,,,,,,,,https://www.instagram.com/p/BrSwSyGlNaW/,,,,
123,SM,Praia Grande,,SP,12/16/2018 0:00,12/17/2018,1,,,,,,,https://www.instagram.com/p/BrfTTtqA79O/,,,,
124,SM,"Praia De Peroba, Maragogi, Alagoas",,AL,,12/16/2018,,,,,,,,https://www.instagram.com/p/BrdAXagBKSO/,,,,
125,SM,,Florianópolis,SC,,12/17/2018,,,,,,,,https://www.instagram.com/p/Brfo9NwBnrS/,,,,
126,SM,Peruíbe,,SP,,12/17/2018,,,,,,,,https://www.instagram.com/p/BrfUjiDBW9h/,,,,
127,SM,Ilha de Itamaracá,,PE,,12/28/2018,,,,,,,,https://www.instagram.com/p/Br7XzG5nQwx/,,,,
128,SM,"Boa Viagem, Pernambuco, Brazil",,PE,,12/30/2018,,,,,,,,https://www.instagram.com/p/BsApk_tHMbd/,,,,
129,SM,,Ilha de São Francisco Itaguaçu,SC,,12/30/2018,,,,,,,,https://www.instagram.com/p/BsBug3VAGdY/,,,,
130,SM,Jurerê Internacional,,SC,12/31/2018 0:00,12/31/2018,,,,,,,,https://www.instagram.com/p/BsDM-8UFJFK/,,,,
131,SM,São Francisco do Sul,,SC,2019,2/6/2021,,,,,,,,https://www.instagram.com/p/CK9VZygHF60/,,,,
132,SM,Txai Resort Hotel,Itacaré,BA,,1/1/2019,,,,,,,,https://www.instagram.com/p/BsHMYT_HCwR/,,,,
133,SM,"Lagoinha do Norte, Floripa",,SC,,1/2/2019,2,,,,,,,https://www.instagram.com/p/BsINsB0FFdu/,,,,
134,SM,Baía da Traição,,PB,,2/2/2019,,,,,,,,https://www.instagram.com/p/BtYM0ZNl05t/,,,,
135,SM,Patachocas Eco Resort,Morro de São Paulo,SP,,1/5/2019,,,,,,,,https://www.instagram.com/p/BsRhngMn5we/,,,,
136,SM,Conceição da Barra,Espirito Santo,ES,1/6/2019 0:00,1/6/2019,2,,,1 accident,,,hand,https://www.instagram.com/p/BsToAdjlSfo/,,,,
137,SM,Praia Selvagem,,RJ,,1/9/2019,,,,,,,,https://www.instagram.com/p/BsanI4jAnxE/,,,,
138,SM,Praia De Pau Amarelo Paulista Pernambuco,,PE,,1/10/2019,enormeocorrência,,,,,,,https://www.instagram.com/p/BsdcDeOhe4v/,,,,
139,SM,Praia Litoranea - São Luis Maranhâo,,MA,,1/20/2019,3,,,,,,,https://www.instagram.com/p/Bs2Jv7PFA5O/,,,,
140,SM,Praia do Sagi,,RN,,1/21/2019,,,,,,,,https://www.instagram.com/p/Bs5bmDUlDB8/,,,,
141,SM,Praia do Moçambique.,,SC,,1/21/2019,,,,,,,,https://www.instagram.com/p/BuJTo5vgwc6/,,,,
142,SM,Recife - Praia de Boa Viagem,,PE,,1/24/2019,3,,,,,,,https://www.instagram.com/p/BtBLQJ3AQtZ/,,,,
143,SM,Praia Bom Jesus,Enseada de Cabuçu,BA,,1/25/2019,,,,,,,,https://www.instagram.com/p/BtDxri4npTt/,,,,
144,SM,Recife - Praia de Boa Viagem,,PE,,1/27/2019,,,,,,,,https://www.instagram.com/p/BtImgBSFALL/,,,,
145,SM,"Praia De Stella Maris, Salvador, BA - Brasil",,BA,,1/28/2019,,,,,,,,https://www.instagram.com/p/BtLw-g6B6SB/,,,,
146,SM,Maracaipe Turismo,,PE,,1/29/2019,,,,,,,,https://www.instagram.com/p/BtOiylvHk9O/,,,,
147,SM,Praia de Ondina,,BA,,1/30/2019,,5 cm,,touching/ holding the jellyfish,,F,,https://www.instagram.com/p/BtRaZNSBycE/,,,,
148,SM,Recife - Praia de Boa Viagem,,PE,,1/31/2019,,,,,,,,https://www.instagram.com/p/BtS8hRxArW9/,,,,
149,SM,,Farol de Itapuã,BA,,2/3/2019,,,,,,,,https://www.instagram.com/p/Bta3EjDAEGU/,,,,
150,SM,Praia do Mosqueiro,,SE,,2/5/2019,,,,,,,,https://www.instagram.com/p/BthAz4AgtPb/,,,,
151,SM,Praia do Rosa - Imbituba - Sc,,SC,,2/5/2019,,,,,,,,https://www.instagram.com/p/BtgWzUxh398/,,,,
152,SM,Península de Maraú,,BA,,2/7/2019,,,,,,,,https://www.instagram.com/p/BtmIW_AF5ok/,,,,
153,SM,Porto de Galinhas,,PE,,2/11/2019,,,,,,,,https://www.instagram.com/p/Btwm0aPnztU/,,,,
154,SM,,"Praia da Bombaça, Barra Grande, Península de Maraú",BA,,2/18/2019,,,,,,,,https://www.instagram.com/p/BuCdNeHgdhC/,,,,
155,SM,Praia do Moçambique.,,SC,,2/21/2019,,,,,,,,https://www.instagram.com/p/BuJZouTgmLc/,,,,
156,SM,Boa Viagem Beach,,PE,,2/23/2019,,,,,,,,https://www.instagram.com/p/BuOPePkAmSf/,,,,
157,SM,Orla da Atalaia Aracaju-SE,,SE,,2/26/2019,,,,,,,,https://www.instagram.com/p/BuWry0GAz-R/,,,,
158,SM,Praia Do Cardoso - Farol De Santa Marta / SC,,SC,,2/26/2019,,10-15 cm,,,,,,https://www.instagram.com/p/BuV9LBjF9Yk/,,,,
159,SM,Condomínio Jóia do Atlântico,Bahia,BA,,2/27/2019,,,,,,,,https://www.instagram.com/p/BtIvd2yhoe2/,,,,
160,SM,Alagoas,"Jequia, Dunas do Marapé",AL,,3/31/2019,,,,,,,,https://www.instagram.com/p/Bvsby43nrFX/,,,,
161,SM,Aracaju,,SE,,4/30/2019,,,,,,,,https://www.instagram.com/p/Bw45Wgyh3zm/,,,,
162,SM,,"Praia de Pau Amarelo, Pernambuco",PE,,5/18/2019,,,,,,,,https://www.instagram.com/p/BylUVzDBKwt/,,,,
163,SM,Praia de Ponta Negra - Morro do Careca,,RN,,5/22/2019,,,,,,,,https://www.instagram.com/p/BxxlU5VB6vS/,,,,
164,SM,"Praia Rasa, Buzios - Rio de Janeiro",,RJ,,6/13/2019,,,,,,,,https://www.instagram.com/p/BypwoxgA8Zt/,,,,
165,SM,pedra do Anel - Itamaracá,,PE,,6/24/2019,,,,,,,,https://www.instagram.com/p/BzGiQs_lmtY/,,,,
166,SM,"Piedade, Pernambuco, Brazil",,PE,,6/30/2019,10+,,,,,,,https://www.instagram.com/p/BzWhPmHnKwi/,,,,
167,SM,"Barrinha, Piaui, Brazil",,PI,,8/5/2019,,,,,,,,https://www.instagram.com/p/B0x4hp2Dgfs/,,,,
168,SM,Reserva Biológica Da Raia Do Sul,Angra dos Reis,RJ,,8/6/2019,,,,,,,,https://www.instagram.com/p/B01-D5XlI5j/,,,,
169,SM,,"Carneiros, Pernambuco",PE,,8/12/2019,,,,,,,,https://www.instagram.com/p/B1Fgb49pJHO/,,,,
170,SM,"Carpina, Pernambuco, Brazil",,PE,,8/25/2019,,,,,,,,https://www.instagram.com/p/B1l5JbIlJNL/,,,,
171,SM,São Luís,,MA,,8/31/2019,,,,,,,,https://www.instagram.com/p/B11AoUngF6U/,,,,
172,SM,,Peruíbe,SP,,9/9/2019,,,,,,,,https://www.instagram.com/p/B2MC09FBkOe/,,,,
173,SM,Praia do Amor,,RN,,9/16/2019,,10 cm,,touching/ holding the jellyfish,,M,,https://www.instagram.com/p/B2ef6dfJLjW/,,,,
174,SM,João Pessoa,,PB,9/21/2019 0:00,9/23/2019,,,,1 accident,,F,leg,https://www.instagram.com/p/B2wF1OdgNWN/,,,,
175,SM,Praia da Redonda,"Icapuí, Ceará",CE,,9/22/2019,,,,,,,,https://www.instagram.com/p/B2tyaJ9g4WZ/,,,,
176,SM,,"Cabedelo, Paraíba",PB,9/25/2019 0:00,9/26/2019,1,,,,,,,https://www.instagram.com/p/B245yumjzDP/,,,,
177,SM,Praia Do Giz,,RN,,9/26/2019,,,,,,,,https://www.instagram.com/p/B247JVon5tm/,,,,
178,SM,Imbassaí,"Igers, Bahia",BA,,9/28/2019,,,,,,,,https://www.instagram.com/p/B28L4_EFjcr/,,,,
179,SM,Baía da Traição,Paraíba,PB,,9/29/2019,,,,,,,,https://www.instagram.com/p/B3AyAZPJCqF/,,,,
180,SM,Santa Rita Beach,,SP,,10/3/2019,bastante,,,,,,,https://www.instagram.com/p/B3JqBXcAKes/,,,,
181,SM,Morro de São Paulo,,BA,,10/5/2019,,,,,,,,https://www.instagram.com/p/B3PYMo5jBkk/,,,,
182,SM,"Jenipabu, Rio Grande Do Norte, Brazil",,RN,,10/6/2019,,,,,,,,https://www.instagram.com/p/B3Ry2E-Fpzn/,,,,
183,SM,Piscinas Naturais TAIPÚ De Fora-Maraú-Ba,,BA,,10/6/2019,,,,touching/ holding the jellyfish,,M,,https://www.instagram.com/p/B3SDPsGHvXV/,,,,
184,SM,Praia Do Futuro Fortaleza Ceará Brazil,,CE,,10/10/2019,5,,,,,,,https://www.instagram.com/p/B3cTYmDgShN/,,,,
185,SM,"Guarajúba, Bahia, Brazil",,BA,,10/10/2019,,,,1 accident,,F,,https://www.instagram.com/p/B3clMPAA-z9/,,,,
186,SM,Paiva,,PE,10/13/2019 0:00,10/13/2019,,,,1 accident,,F,leg,https://www.instagram.com/p/Bo4eXPuh55k/,,,,
187,SM,Bessa Jp,,PB,,10/14/2019,,,,,,,,https://www.instagram.com/p/B3nHVpUp5TD/,,,,
188,SM,Praia do Paiva,Maracaipe,PE,,10/19/2019,,10 cm,,touching/ holding the jellyfish,,M,,https://www.instagram.com/p/B30VWzzgwp6/,,,,
189,SM,Maragogi - Alagoas - Caribe Brasileiro,,AL,10/26/2019 0:00,10/30/2019,,,,,,,,https://www.instagram.com/p/B4QcAnMokHD/,,,,
190,SM,Praia de Piedade,,PE,,10/25/2019,,,,,,,,https://www.instagram.com/p/B4DYyJbhZOO/,,,,
191,SM,Península Do Maraú - Bahia,,BA,11/1/2019 0:00,6/7/2021,,,,,,,,https://www.instagram.com/p/CP0WaGOlCH2/,,,,
192,SM,"Praia Dos Carneiros, Pernambuco, Brazil",,PE,,11/1/2019,,,,,,,,https://www.instagram.com/p/B4VXXHKgPvf/,,,,
193,SM,Praia Pôr Do Sol - Mucuri- Ba,,BA,,11/6/2019,,,,,,,,https://www.instagram.com/p/B4h4J35FFcD/,,,,
194,SM,ILHA DO MEL - Paraná - Brasil,,PR,,11/12/2019,,,,,,,,https://www.instagram.com/p/B4yN7d7H5LU/,,,,
195,SM,Praia Coroa Do Meio,aracaju,SE,,11/17/2019,,,,,,,,https://www.instagram.com/p/B4-nDW4hDBc/,,,,
196,SM,,"Praia da Poa, Penha, Santa Catarina",SC,,11/22/2019,praiacheia,,,,,,,https://www.instagram.com/p/B5Kjhx1nhvk/,,,,
197,SM,Praia Dos Ingleses - Ilha Da Magia,,SC,,11/25/2019,,,,,,,,https://www.instagram.com/p/B5TbHEtDfOM/,,,,
198,SM,Porto de Galinhas,,PE,,11/27/2019,,,,,,,,https://www.instagram.com/p/B5Xn4rkFBVq/,,,,
199,SM,,"Praia do Perequê, Porto Belo, SC",SC,,11/27/2019,8,,,,,,,https://www.instagram.com/p/B5XylPRlAXa/,,,,
200,SM,"Santinho, Santa Catarina",,SC,,11/30/2019,,,,,,,,https://www.instagram.com/p/B5gca43B72b/,,,,
201,SM,,Florianópolis,SC,,12/3/2019,,,,,,,,https://www.instagram.com/p/B5nj7DhgZT1/,,,,
202,SM,Marujá ilha do cardoso,Cananéia,SP,,12/4/2019,12,,,,,,,https://www.instagram.com/p/B5q2FBXgcJA/,,,,
203,SM,Trancoso - Bahia,,BA,,12/4/2019,,,,,,,,https://www.instagram.com/p/B5q3QnLnvmY/,,,,
204,SM,Recife - Praia de Boa Viagem,,PE,,12/23/2019,,,,,,,,https://www.instagram.com/p/Bs-XcpnAAQl/,,,,
205,SM,"Praia Dos Carneiros, Pernambuco, Brazil",,PE,,12/24/2019,,,,,,,,https://www.instagram.com/p/B6dzz_jJj-U/,,,,
206,SM,Matinhos - Paraná,,PR,,12/25/2019,,,,,,,,https://www.instagram.com/p/B6f9-JdlgSt/,,,,
207,SM,São Francisco do Sul,Praia do Forte,SC,,12/25/2019,,,,,,,,https://www.instagram.com/p/B6fgnleDwnJ/,,,,
208,SM,Florianopolis Campeche,,SC,12/26/2019 0:00,12/26/2019,,,,,,,,https://www.instagram.com/p/B6icswmpxMn/,,,,
209,SM,Praia das Conchas,,SP,12/26/2019 0:00,12/27/2019,algumas,,,,,,,https://www.instagram.com/p/B6k7PvQA8SK/,,,,
210,SM,Guarujá,,SP,,12/28/2019,,,,,,,,https://www.instagram.com/p/B6oU-Gflf_v/,,,,
211,SM,São Francisco do Sul,,SC,,12/28/2019,,,,,,,,https://www.instagram.com/p/B6nTThTHIho/,,,,
212,SM,"Canto Grande, Santa Catarina, Brazil",,SC,,12/29/2019,,,,,,,,https://www.instagram.com/p/B6qIr6jFrQM/,,,,
213,SM,Praia de Jurerê Internacional,,SC,12/31/2019 0:00,12/31/2019,,,,2 accidents,,,hand,https://www.instagram.com/p/B6vfKvqFFRc/,,,,
214,SM,Ilhabela,,SP,,12/30/2019,,,,,,,,https://www.instagram.com/p/B6s8MJzJU8Z/,,,,
215,SM,"Cidade Ocian, Praia Grande",,SP,1/1/2020 0:00,1/1/2020,algumas,,,,,,,https://www.instagram.com/p/B6zDRQ-g32U/,,,,
216,SM,,"Praia Grande, Baixada Santista",SP,12/28/2019 0:00,1/1/2020,,,,,,,,https://www.instagram.com/p/B6y2eZVFtF2/,,,,
217,SM,Praia de Pernambuco,Guarujá,SP,,1/1/2020,2,,,,,,,https://www.instagram.com/p/B6yqOQUF7L9/,,,,
218,SM,Praia de Lagoinha do Leste,,SC,1/3/2020 0:00,2/13/2020,,,,,,,,https://www.instagram.com/p/B7Q09b4nK-E/,,,,
219,SM,,"Cardoso, São Paulo",SP,,1/4/2020,,,,,,,,https://www.instagram.com/p/B66ykiSnRVv/,,,,
220,SM,Porto de Galinhas,,PE,,1/18/2020,,,,,,,,https://www.instagram.com/p/B7dFo-Dl82_/,,,,
221,SM,"Boqueirão Sul, Ilha Comprida, Sp.",,SP,,1/21/2020,,,,,,,,https://www.instagram.com/p/B7lLX_tA4W5/,,,,
222,SM,Ilha Comprida - Balneário Monte Carlo,,SP,,1/15/2020,,,,,,,,https://www.instagram.com/p/B7XAnH1pPIL/,,,,
223,SM,"Pântano Do Sul, Santa Catarina, Brazil",,SC,,1/16/2020,,,,,,,,https://www.instagram.com/p/B7ZtVx6l2_y/,,,,
224,SM,Praia Pôr Do Sol - Mucuri- Ba,,BA,,1/19/2020,,,,,,,,https://www.instagram.com/p/B7hcQQsFOGt/,,,,
225,SM,Ondina,,BA,1/21/2020 0:00,1/29/2020,,,,1 accident,4,M,hands,https://www.instagram.com/p/B77L9S_Fwrk/,,,,
226,SM,Taipu De Fora - Barra Grande,,BA,1/22/2020 0:00,1/22/2020,,10 cm,,,,,,https://www.instagram.com/p/B7oI6aYgjfx/,,,,
227,SM,Ilhabela,,SP,,1/22/2020,,,,,,,,https://www.instagram.com/p/B7ns607n7GO/,,,,
228,SM,Campeche - Floripa - SC,,SC,,1/24/2020,,,,,,,,https://www.instagram.com/p/B7tIvNJH5Up/,,,,
229,SM,"Praia de Itapirubá, Santa Catarina",,SC,,1/24/2020,,,,,,,,https://www.instagram.com/p/B7uKNoBJcfv/,,,,
230,SM,"Gonzaga, Santos - SP",,SP,,1/28/2020,,,,,,,,https://www.instagram.com/p/B73lAXKFvpn/,,,,
231,SM,,Tamandaré,PE,,1/28/2020,,,,,,,,https://www.instagram.com/p/B737QVsh982/,,,,
232,SM,Praia de Boa Viagem,,PE,,2/2/2020,,,,,,,,https://www.instagram.com/p/B8EyxH8H_pA/,,,,
233,SM,Balneário Piçarras,,SC,,2/2/2020,,,,,,,,https://www.instagram.com/p/B8FbHTMJx2q/,,,,
234,SM,"Siriú, Santa Catarina, Brazil",,SC,2/5/2020 0:00,2/5/2020,2,,,,,,,https://www.instagram.com/p/B8NHnURBbME/,,,,
235,SM,Praia De Leste,,PR,,2/5/2020,,,,,,,,https://www.instagram.com/p/B8M31aLFb53/,,,,
236,SM,,"praia de Ponta Negra, RN.",RN,2/5/2020 0:00,2/5/2020,2,,,,,,,https://www.instagram.com/p/B8NHnURBbME/,,,,
237,SM,Praia Do Istmo,Ilha do Mel,PR,,2/5/2020,,,,,,,,https://www.instagram.com/p/B8MQtWIF58G/,,,,
238,SM,,"Itanhaém, São Paulo",SP,,2/5/2020,,,,,,,,https://www.instagram.com/p/B676K9WgC12/,,,,
239,SM,"Pipa, Rio Grande Do Norte, Brazil",,RN,,2/6/2020,,,,,,,,https://www.instagram.com/p/B8PYb61puIJ/,,,,
240,SM,Praia de Sorocotuba,,SP,,2/7/2020,,,,,,,,https://www.instagram.com/p/B8SGY8HptRZ/,,,,
241,SM,Itapoá,,SC,,2/8/2020,,,,,,,,https://www.instagram.com/p/B8UnMhHhTSD/,,,,
242,SM,Praia da Galheta,Florianópolis,SC,,2/10/2020,,,,,,,,https://www.instagram.com/p/B8ZvYU8Aq1V/,,,,
243,SM,Praia da Ferrugem,,SC,,2/10/2020,,,,,,,,https://www.instagram.com/p/B8Z-U4QAlHI/,,,,
244,SM,,Navegantes,SC,,2/11/2020,,,,,,,,https://www.instagram.com/p/B8bg5-Ljnuy/,,,,
245,SM,Praia da Ferrugem,,SC,2/11/2020 0:00,2/11/2020,,10 cm,,,,,,https://www.instagram.com/p/B8cddcRnicw/,,,,
246,SM,Nova Tramandaí Beach,,RS,,2/13/2020,3,,,,,,,https://www.instagram.com/p/B8hWbtFhLUQ/,,,,
247,SM,,"Siriu, Garopaba",SC,2/11/2020 0:00,2/15/2020,10+,,,,,,,https://www.instagram.com/p/B8l_uyVgSvN/,,,,
248,SM,"Praia Do Santinho, Florianópolis - SC",,SC,,2/15/2020,praiascheias,,,2 accidents,,F,legs,https://www.instagram.com/p/B8l_uyVgSvN/,,,,
249,SM,Dunas De Marapé Jequia da Praia Alagoas Brasil,,AL,,2/15/2020,,,,,,,,https://www.instagram.com/p/B8miQzgpjN-/,,,,
250,SM,"4ta Praia Do Morro De São Paulo, Bahia, Brazil",,BA,,2/16/2020,,,Umbrella for small fishes (BLUE),,,,,https://www.instagram.com/p/B8pPzo4Bhq5/,,,,
251,SM,"Arraial D'ajuda, Bahia, Brasil",,BA,,2/21/2020,,,,,,,,https://www.instagram.com/p/B82bj47B8uH/,,,,
252,SM,,"Guarujá, São Paulo",SP,,2/21/2020,,,,,,,,https://www.instagram.com/p/B82BGIqHM7W/,,,,
253,SM,Campeche - Floripa - SC,,SC,,2/23/2020,,,,,,,,https://www.instagram.com/p/B87RrcfpwmR/,,,,
254,SM,Praia De Leste Pontal Do Parana,,PR,,2/28/2020,,,,,,,,https://www.instagram.com/p/B9H0BJEnCWZ/,,,,
255,SM,,Praia de Carneiros-PE,PE,3/1/2020 0:00,11/24/2021,,,,,,,,https://www.instagram.com/p/CWqSdQvrhgN/,,,,
256,SM,"Praia De Encantadas, Ilha Do Mel, Pr",,PR,,3/2/2020,,,,,,,,https://www.instagram.com/p/B9PqgYolaRn/,,,,
257,SM,Guarujá,,SP,,3/4/2020,aosmontes,,,,,,,https://www.instagram.com/p/B9UQeNLpSSA/,,,,
258,SM,"Boa Viagem, Pernambuco, Brazil",,PE,3/10/2020 0:00,3/10/2020,,20 cm,,,,,,https://www.instagram.com/p/B9jPD3KnGxy/,,,,
259,SM,,"Ilha do Mel, Paraná",PR,,3/20/2020,3,,,,,,,https://www.instagram.com/p/B9-YgDAJtG1/,,,,
260,SM,"Meia Praia, Santa Catarina, Brazil",Praia de Itapema,SC,,3/31/2020,,,,,,,,https://www.instagram.com/p/B-agApsApYj/,,,,
261,SM,Praia Mole - Florianópolis/SC,,SC,,4/13/2020,,,,,,,,https://www.instagram.com/p/B-6IP22Bj7c/,,,,
262,SM,,"Ilhéus, Bahia",BA,,4/20/2020,,,,,,,,https://www.instagram.com/p/B_OYLFmhahw/,,,,
263,SM,Praia De Carro Quebrado - Maceió,,AL,,5/7/2020,,,,,,,,https://www.instagram.com/p/B_52mtwgzA3/,,,,
264,SM,,"Salvador, Bahia",BA,6/2/2020 0:00,6/2/2020,cheio,,,,,,,https://www.instagram.com/p/CA8wXWqlGzY/,,,,
265,SM,Praia do Tombo - Guarujá - SP,,SP,,6/11/2020,,,,,,,,https://www.instagram.com/p/CBUVmapAiGx/,,,,
266,SM,"Caraíva, Bahia, Brazil",,BA,,6/20/2020,,,,,,,,https://www.instagram.com/p/CBqeyMMJxBb/,,,,
267,SM,Natal,,RN,,7/2/2020,,,,,,,,https://www.instagram.com/p/CCJMi_XFYal/,,,,
268,SM,"Cupe, Pernambuco, Brazil","Porto de Galinhas, Praia do Cupe",PE,,7/7/2020,6,,,,,,,https://www.instagram.com/p/CCVupdpAKpa/,,,,
269,SM,Porto de Galinhas,,PE,,7/9/2020,,,,,,,,https://www.instagram.com/p/CCbSnq6l4kV/,,,,
270,SM,Porto de Galinhas,,PE,,7/10/2020,10+,5 cm,,,,,,https://www.instagram.com/p/CCebLonn3Ix/,,,,
271,SM,,Tamandaré,PE,7/6/2020 0:00,7/10/2020,bastante,,,,,,,https://www.instagram.com/p/CCebLonn3Ix/,,,,
272,SM,,Maracaipe,PE,7/10/2020 0:00,7/10/2020,muitas,,,,,,,https://www.instagram.com/p/CCebLonn3Ix/,,,,
273,SM,Posto 7,,AL,,7/17/2020,,,,,,,,https://www.instagram.com/p/CCvYbYxpIz-/,,,,
274,SM,,Boa Viagem,PE,,7/19/2020,ummonte,,,1 accident,,M,,https://www.instagram.com/p/CC13JE8HYnK/,,,,
275,SM,Praia de Piedade,Praias da Piedade e Candeias,PE,19 e 20/07/2020,7/20/2020,1000+,3-5 cm,,,,,,https://www.instagram.com/p/CC332-iHz3i/,https://www.instagram.com/p/CC13JE8HYnK/,,,
276,SM,Praia de Boa Viagem,,PE,,7/20/2020,100+,,,,,,,https://www.instagram.com/p/CC4s3JUBaL-/,https://www.instagram.com/p/CC4ttNGhmGU/,,,
277,SM,,"Enseada dos Corais, Pernambuco",PE,7/6/2020 0:00,7/20/2020,algumas,,,,,,,https://www.instagram.com/p/CC332-iHz3i/,,,,
278,SM,Praia de Piedade,Jaboatão dos Guararapes,PE,,7/21/2020,10+,,,,,,,https://www.instagram.com/p/CC67KX9HJvH/,,,,
279,SM,,"Praias de Paulista até Itoju, Praia da Piedade, Praia de Itapuama, Jaboatao dos Guararapes",PE,,7/25/2020,muitas,,,,,,,https://www.instagram.com/p/CDDPNjUnR3b/,,,,
280,SM,Praia Merepe,Porto de Galinhas,PE,,7/27/2020,,,,,,,,https://www.instagram.com/p/CDJSJs5BKT1/,,,,
281,SM,,Brasilia Teimosa,PE,,7/28/2020,,,,,,,,https://www.instagram.com/p/CDL8Encg0XI/,,,,
282,SM,"Vilas Do Atlântico, Bahia",,BA,,8/2/2020,,,,,,,,https://www.instagram.com/p/CDZJuoJhmMs/,,,,
283,SM,Candeias Beach,,PE,8/3/2020 0:00,8/3/2020,3,,,,,,,https://www.instagram.com/p/CDcCjDVpGIP/,,,,
284,SM,Cinelândia Surf Point,,SE,,8/6/2020,,,,,,,,https://www.instagram.com/p/CDjay3KhgnN/,,,,
285,SM,Salvador,,BA,,8/7/2020,,,,,,,,https://www.instagram.com/p/CDlu3BUFLI8/,,,,
286,SM,"Caucaia, Ceara, Brazil",,CE,,8/11/2020,muitas,,,,,,,https://www.instagram.com/p/CDw_E4MM9HR/,,,,
287,SM,,Brasilia Teimosa,PE,,8/15/2020,,,,,,,,https://www.instagram.com/p/CD6QNGTBafw/,,,,
288,SM,,Cotovelo Beach,RN,8/16/2020 0:00,8/16/2020,2,,,,,,,https://www.instagram.com/p/CD9xkBUJ3sB/,,,,
289,SM,Aracaju,,SE,,8/16/2020,,,,,,,,https://www.instagram.com/p/CD8opruBhoO/,,,,
290,SM,Paiva,,PE,,8/23/2020,,,,,,,,https://www.instagram.com/p/CEO6hnMAPlR/,,,,
291,SM,Litorânea - São Luis-MA,,MA,8/24/2020 0:00,8/24/2020,1000+,,,,,,,https://www.instagram.com/p/CER-5uapnhf/,,,,
292,SM,Maragogi - Alagoas - Caribe Brasileiro,,AL,,8/25/2020,,,,,,,,https://www.instagram.com/p/CEUjCIhl2Ii/,,,,
293,SM,,"Praia de Genipabu, Rio Grande do Norte",RN,,8/29/2020,,,,,,,,https://www.instagram.com/p/CEd5rCBDjLa/,,,,
294,SM,Porto de Galinhas,,PE,,8/30/2020,,,,,,,,https://www.instagram.com/p/CEiXajsDx68/,,,,
295,SM,Belém,,PA,,8/31/2020,,,,,,,,https://www.instagram.com/p/CEkqFXsBBNQ/,,,,
296,SM,"São Luís, Maranhão, Brazil",,MA,9/12/2020 0:00,9/12/2020,,,,,,,,https://www.instagram.com/p/CFC8ESVJQF-/,https://www.instagram.com/p/CFC_k0mpr-h/,,,
297,SM,Vcgobuy com,,BA,,9/12/2020,,,,,,,,https://www.instagram.com/p/CFDOAG8FuZM/,,,,
298,SM,Maracaipe Turismo,,PE,,9/14/2020,,,,,,,,https://www.instagram.com/p/CFGoSYJBt_o/,,,,
299,SM,"Canoa Quebrada, Ceara, Brazil",,CE,9/24/2020 0:00,9/24/2020,,,,,,,,https://www.instagram.com/p/CFiHJnQBXcQ/,,,,
300,SM,Praia De Sibaúma,Tibau do Sul,RN,,10/3/2020,,,,,,,,https://www.instagram.com/p/CF5m8QHDolY/,,,,
301,SM,Praia De Coqueirinho João Pessoa. Pb,,PB,,10/4/2020,,,,,,,,https://www.instagram.com/p/CF8HNVAD80C/,,,,
302,SM,"Pirangi Do Sul, Rio Grande Do Norte, Brazil",,RN,,10/6/2020,praiacheia,,,,,,,https://www.instagram.com/p/CGAxdN4H9-w/,,,,
303,SM,,"Praia da Enseada, Guarujá, São Paulo",SP,11/9/2020 0:00,10/11/2020,1,,,,,,,https://www.instagram.com/p/CGNpZm9l8c-/,,,,
304,SM,Praia do Cerro Itajuba - Barra Velha,,SC,,10/11/2020,,,,,,,,https://www.instagram.com/p/CGOJE-BDLSf/,,,,
305,SM,Praia do Tombo,Guarujá,SP,,10/11/2020,,,,,,,,https://www.instagram.com/p/CGNpZm9l8c-/,,,,
306,SM,"Pipa, Rio Grande Do Norte, Brazil",,RN,,10/12/2020,,,,,,,,https://www.instagram.com/p/CGPkDPEJcZa/,https://www.instagram.com/p/CGP0XOIJh8L/,,,
307,SM,Peruíbe - São Paulo,,SP,,10/12/2020,,,,,,,,https://www.instagram.com/p/CGPq5iUDLIp/,,,,
308,SM,Praia De Itapuã - Salvador - Bahia,,BA,,10/15/2020,,,,,,,,https://www.instagram.com/p/CGYHSh-sbAW/,,,,
309,SM,Canto do Forte - Praia Grande - SP,,SP,10/16/2020 0:00,10/16/2020,4,,,,,,,https://www.instagram.com/p/CGafO6jA3oB/,,,,
310,SM,Pontal do Paraná,,PR,,10/16/2020,,,,,,,,https://www.instagram.com/p/CGY-aHQl3Cv/,,,,
311,SM,Taipu de Fora - Península de Maraú,,BA,10/17/2020 0:00,10/17/2020,,,,,,,,https://www.instagram.com/p/CGdFIHZDuEF/,,,,
312,SM,,"frente a Crocobeach, Praia do Futuro",CE,10/17/2020 0:00,10/19/2020,várias,,,,,,,https://www.instagram.com/p/CGiiVZ6Ho6s/,,,,
313,SM,,"Praia da Taíba, Ceará",CE,10/17/2020 0:00,10/19/2020,,,,1 accident,,M,legs,https://www.instagram.com/p/CGiiVZ6Ho6s/,,,,
314,SM,,"frente Orbita Blue, Fortaleza",CE,10/18/2020 0:00,10/19/2020,,,,1 accident,,M,"handle, thighs, ankle and feet",https://www.instagram.com/p/CGiiVZ6Ho6s/,,,,
315,SM,,"praia do Caça e Pesca, Fortaleza",CE,10/18/2020 0:00,10/19/2020,cheio,,,,,,,https://www.instagram.com/p/CGiiVZ6Ho6s/,,,,
316,SM,,"Santa Praia, Fortaleza",CE,10/18/2020 0:00,10/19/2020,1,,,1 accident,,F,"hands, legs, feet ",https://www.instagram.com/p/CGiiVZ6Ho6s/,,,,
317,SM,,Praia do Futuro,CE,,10/19/2020,muitas,,,1 accident,,M,,https://www.instagram.com/p/CGiiVZ6Ho6s/,,,,
318,SM,,Florianópolis,SC,,10/20/2020,,,,,,,,https://www.instagram.com/p/CGlIpBxBLU8/,,,,
319,SM,Praia do Abaís,,SE,,10/20/2020,,,,,,,,https://www.instagram.com/p/CGkHtS1BuMJ/,,,,
320,SM,Condominio Porto Santo,,BA,10/20/2020 0:00,10/20/2020,,,,,,,,https://www.instagram.com/p/CGkY5lOnELc/,,,,
321,SM,São Francisco do Sul,"Ubatuba, São Francisco do Sul - SC",SC,,10/22/2020,muitas,,,,,,,https://www.instagram.com/p/CGp3bGNjV15/,,,,
322,SM,,Ubatuba,SP,10/22/2020 0:00,10/22/2020,90+,,,,,,,https://www.instagram.com/p/CGp3bGNjV15/,,,,
323,SM,Guaratuba - Litoral Do Paraná,,PR,,10/23/2020,,,,,,,,https://www.instagram.com/p/CGr_G_NjL8z/,,,,
324,SM,,Barra do Sahy (Aracruz-ES),ES,10/23/2020 0:00,10/23/2020,,,,touching/ holding the jellyfish,,F,,https://www.instagram.com/p/CGsFJfCBYhC/,,,,
325,SM,Balneário Piçarras,,SC,,10/24/2020,,,,,,,,https://www.instagram.com/p/CGufsNiF_K7/,,,,
326,SM,Aracaju,,SE,,10/24/2020,,,,touching/ holding the jellyfish/ returning to the sea,,M,,https://www.instagram.com/p/CGvCwSQh2Rs/,,,,
327,SM,"Caiobá, Parana, Brazil",,PR,,10/24/2020,,,,,,,,https://www.instagram.com/p/CGvbQB_nsi4/,,,,
328,SM,,"Ingleses, Florianópolis",SC,,10/24/2020,,,,,,,,https://www.instagram.com/p/CGvgjVeBfCU/,,,,
329,SM,,Praia da Piedade,PE,10/24/2020 0:00,10/24/2020,,,,,,,,https://www.instagram.com/p/CGu-hR0DPHX/,,,,
330,SM,O̲R̲eserva do Paiva,,PE,,10/24/2020,,,,,,,,https://www.instagram.com/p/CGuyTnuLKz3/,,,,
331,SM,"Barra Grande, Península De Maraú, Ba",,BA,10/24/2020 0:00,10/24/2020,praiarepleta,,,,,,,https://www.instagram.com/p/CGvimE6gTvL/,,,,
332,SM,,"Ingleses, Florianópolis",SC,,10/25/2020,,,,,,,,https://www.instagram.com/p/CGxnjITBmM9/,https://www.instagram.com/p/CGxsLpjh55Q/,,,
333,SM,Praia da barra da lagoa,,SC,,10/26/2020,,,,,,,,https://www.instagram.com/p/CGyqQvhHiNg/,,,,
334,SM,Praia Do Mosqueiro,,SE,,10/26/2020,,,,,,,,https://www.instagram.com/p/CG0WI0ThquU/,,,,
335,SM,Praia Estância Santa Cruz - Itanhaem,,SP,,10/26/2020,,,,,,,,https://www.instagram.com/p/CG0v0xAh9mF/,,,,
336,SM,Praia de Itaguaçu,,SP,,10/26/2020,,,,,,,,https://www.instagram.com/p/CG0xdturQNw/,,,,
337,SM,Atami Beach,,PR,,10/27/2020,,,,,,,,https://www.instagram.com/p/CG2LfVGFajP/,,,,
338,SM,Praia Do Tiririca - Itacaré,,BA,,10/27/2020,,,,,,,,https://www.instagram.com/p/CG2t0BAnjYS/,,,,
339,SM,Costa do Sauípe,,BA,,10/28/2020,3,,,1 accident,,M,,https://www.instagram.com/p/CG4xO-oM8iN/,,,,
340,SM,Praia Coroa Do Meio,,SE,,10/29/2020,,,,1 accident,,F,arm,https://www.instagram.com/p/CG7JCogBwb_/,,,,
341,SM,Novo Campeche,Praia da Joaquina,SC,,10/30/2020,,,,,,,,https://www.instagram.com/p/CG-eLEpj9Nk/,,,,
342,SM,Campeche - Ilha da Magia,,SC,,10/31/2020,,,,,,,,https://www.instagram.com/p/CHBB9F9JS--/,,,,
343,SM,Perobas,"Praia de Perobas, Touros/RN",RN,11/1/2020 0:00,2/11/2022,,,,,,,,https://www.instagram.com/p/CZ2qDS7F3Zj/,,,,
344,SM,Florianópolis,,SC,,11/1/2020,,,,,,,,https://www.instagram.com/p/CHDhLgIgaqq/,,,,
345,SM,Aracaju,,SE,,11/1/2020,,,,touching/ holding the jellyfish/ 2 accidents,,F/M,belly/hand,https://www.instagram.com/p/CHD0NGRHXoZ/,,,,
346,SM,"Campeche, Santa Catarina, Brazil",,SC,,11/1/2020,,,,,,,,https://www.instagram.com/p/CHEhak0HstO/,,,,
347,SM,"Barra Velha, Litoral SC",Praia do Grant ,SC,11/1/2020 0:00,11/2/2020,,,,,,,,https://www.instagram.com/p/CHFzyqNFRhb/,,,,
348,SM,Praia De Pium -rio Grande Do Norte.,,RN,,11/2/2020,,,,,,,,https://www.instagram.com/p/CHG9-qkBUvT/,,,,
349,SM,Capão da Canoa - RS,,RS,11/4/2020 0:00,11/4/2020,praiatodinha,,Strandings of Vellela vellela,,,,,https://www.instagram.com/p/CHJ3mNPJyvs/,,,,
350,SM,Praia do Santinho,,SC,,11/4/2020,,,,,,,,https://www.instagram.com/p/CHJz3s0BQ7p/,,,,
351,SM,Iberostar Bahia,Mata de São João,BA,,11/4/2020,,,,,,,,https://www.instagram.com/p/CHK9Gr4Mmwd/,,,,
352,SM,Morro das Pedras,,SC,11/6/2020 0:00,11/6/2020,,,,,,,,https://www.instagram.com/p/CHQAQxiAH5C/,,,,
353,SM,Praia Mole - Floripa,,SC,,11/7/2020,,,,,,,,https://www.instagram.com/p/CHT2-9fAKCR/,,,,
354,SM,Rosa Norte,,SC,,11/7/2020,,,,,,,,https://www.instagram.com/p/CHTxXyppezX/,,,,
355,SM,,"Shnagrila, Pontal do Paraná",PR,11/7/2020 0:00,11/11/2020,,,,,,,,https://www.instagram.com/p/CHdDYzNnRJo/,,,,
356,SM,Praia do Moçambique,Rio Vermelho,SC,,11/7/2020,,,,,,,,https://www.instagram.com/p/CHT23Pbg5Gu/,,,,
357,SM,Praia Do Moçambique - Floripa - Sc,,SC,,11/8/2020,,,,,,,,https://www.instagram.com/p/CHVgaqSAimK/,,,,
358,SM,,praia de itapiruba em imbituba,SC,11/8/2020 0:00,11/8/2020,4,,,,,,,https://www.instagram.com/p/CHVgaqSAimK/,,,,
359,SM,,"Itaparica, Bahia",BA,,11/8/2020,,,,,,,,https://www.instagram.com/p/CHWF37KFgzi/,,,,
360,SM,Condominio Verdes Mares - Ilheus Bahia,,BA,,11/8/2020,,,,,,,,https://www.instagram.com/p/CHV2qd0jZIe/,,,,
361,SM,Praia da barra da lagoa,,EC,,11/8/2020,,,,,,,,https://www.instagram.com/p/CHWgxcsAY2J/,,,,
362,SM,Praia Brava - Itajaí/sc,,SC,11/8/2020 0:00,11/8/2020,praiacheia,,,,,,,https://www.instagram.com/p/CHV76CRghNj/,,,,
363,SM,"Garopada, Santa Catarina, Brazil",,SC,,11/8/2020,muitas,,,touching/ holding the jellyfish,,M,,https://www.instagram.com/p/CHWb1bsHfDP/,,,,
364,SM,Guaratuba - Litoral Do Paraná,,PR,,11/9/2020,,,,,,,,https://www.instagram.com/p/CHYxmuZDUnJ/,,,,
365,SM,,"Mariscal, Bombinhas",SC,,11/10/2020,,,,,,,,https://www.instagram.com/p/CHam6hSlMhS/,,,,
366,SM,"São José Da Coroa Grande, Pernambu",,PE,11/10/2020 0:00,11/10/2020,2,,,,,,,https://www.instagram.com/p/CHazVD0LDaH/,,,,
367,SM,Porto de Galinhas,,PE,,11/11/2020,,,,,,,,https://www.instagram.com/p/CHdnYTfB_QG/,,,,
368,SM,"Armação Dos Búzios, Rio De Janeiro, Brazil","Praia dos Ossos, altura do Iate Clube",RJ,11/11/2020 0:00,11/11/2020,1,,,,,,,https://www.instagram.com/p/CHdduBYF1j0/,,,,
369,SM,Porto de Galinhas,,PE,,11/13/2020,,,,,,,,https://www.instagram.com/p/CHjX8NCpd1B/,,,,
370,SM,"Intermares, Cabedelo",,PE,,11/13/2020,,,,,,,,https://www.instagram.com/p/CHiUqgYpY2A/,,,,
371,SM,Maragogi - Alagoas - Caribe Brasileiro,,AL,,11/13/2020,,,,1 accident,,,leg,https://www.instagram.com/p/CHi0z1dlyFk/,,,,
372,SM,Praia de Taquaras,Balneário Camboriú,SC,,11/13/2020,,,,,,,,https://www.instagram.com/p/CHjVht2A4HQ/,,,,
373,SM,Praia Da Galheta/laguna,,SC,,11/14/2020,,,,,,,,https://www.instagram.com/p/CHlb06KJ-zC/,,,,
374,SM,Praia Jurere Internacional - SC,,SC,,11/15/2020,,,,,,,,https://www.instagram.com/p/CHnF-wjHaqG/,,,,
375,SM,Praia de Itapoá,,SC,,11/16/2020,,,,,,,,https://www.instagram.com/p/CHrH3RdDy8g/,,,,
376,SM,"Atalaia, Aracaju",,SE,,11/16/2020,,,,,,,,https://www.instagram.com/p/CHqjmBihaeK/,,,,
377,SM,Rio Grande (Rio Grande do Sul),,RS,11/17/2020 0:00,11/17/2020,,,,,,,,https://www.instagram.com/p/CHtjfg1riYC/,,,,
378,SM,"Praia do Siriu, Garopaba, S/C, Brasil",,SC,,11/18/2020,,,,,,,,https://www.instagram.com/p/CHvl2WfDye4/,,,,
379,SM,Praia De Geribá - Búzios,,RJ,,11/20/2020,praiacheia,,,,,,,https://www.instagram.com/p/CH1VvEIpEfa/,,,,
380,SM,Capão da Canoa - RS,,RS,,11/21/2020,,,,,,,,https://www.instagram.com/p/CH3GFodHiOl/,,,,
381,SM,Praia de Mariluz,,RS,11/21/2020 0:00,11/21/2020,,,,,,,,https://www.instagram.com/p/CH3SbwEnpC8/,,,,
382,SM,Praia do Moçambique,,SC,,11/23/2020,,,,,,,,https://www.instagram.com/p/CH7Z0m2g1Yk/,,,,
383,SM,,Florianópolis,SC,,11/23/2020,,,,,,,,https://www.instagram.com/p/CH8ZKY-BksA/,https://www.instagram.com/p/CH8Z8g0hFfb/,,,
384,SM,Praia De Santo Antonio - Diogo - Bahia,,BA,,11/24/2020,,,,,,,,https://www.instagram.com/p/CH-a0Dsl7n5/,,,,
385,SM,Ilhabela Litoral Norte - SP - Brasil,,SP,,11/25/2020,,,,,,,,https://www.instagram.com/p/CIBI1gIH8jU/,,,,
386,SM,Arraial d'Ajuda,"Pitinga, Portoquá, Porto Seguro",BA,,11/25/2020,,,,,,,,https://www.instagram.com/p/CICB08ThR8Q/,,,,
387,SM,"Armação Dos Búzios, Rio De Janeiro, Brazil",,RJ,,11/26/2020,,,,,,,,https://www.instagram.com/p/CIDubMXl4c5/,,,,
388,SM,Praia do Forte,,RJ,,11/27/2020,,,,,,F,,https://www.instagram.com/p/CIGVsVZMZ3a/,,,,
389,SM,,"Praia Curumi, Capao da Canoa",RS,11/27/2020 0:00,11/27/2020,,,,,,,,https://www.instagram.com/p/CH3GFodHiOl/,,,,
390,SM,Ilhéus / Itacaré,,BA,,11/27/2020,,,,,,,,https://www.instagram.com/p/CICB08ThR8Q9/,,,,
391,SM,,"Praia do Encanto, Morro de São Paulo",BA,,11/28/2020,,,,,,,,https://www.instagram.com/p/CIJ5EicArDU/,,,,
392,SM,Praia de Aruana,Aracaju,SE,,11/28/2020,,,,,,,,https://www.instagram.com/p/CIJq3F9BcrB/,,,,
393,SM,,Prainha Itacaré,BA,,11/30/2020,,,Scavenging by Ocypode quadrata,,,,,https://www.instagram.com/p/CINquEhAm8t/,,,,
394,SM,,"Ilha de Jaguanum, Rio de Janeiro",RJ,,11/30/2020,,,,,,,,https://www.instagram.com/p/CINsEIoHD4W/,,,,
395,SM,"Campeche, Santa Catarina, Brazil",,SC,12/1/2020 0:00,1/3/2021,2,,,,,,,https://www.instagram.com/p/CJl18ycDujW/,,,,
396,SM,"Mosqueiro, Sergipe, Brazil",,SE,,12/1/2020,,,Scavenging by Ocypode quadrata,,,,,https://www.instagram.com/p/CIQAmggh8Re/,,,,
397,SM,"Caraíva, Bahia.",,BA,,12/1/2020,,,,,,,,https://www.instagram.com/p/CIQuO7gB_44/,,,,
398,SM,Pontal do Sul,,PR,,12/1/2020,,,,,,,,https://www.instagram.com/p/CIRAjjpHv9w/,,,,
399,SM,,Florianópolis,SC,,12/2/2020,,,,,,,,https://www.instagram.com/p/CISugYfAlkQ/,,,,
400,SM,,São Miguel do Gostoso,RN,,12/2/2020,,,,,,,,https://www.instagram.com/p/CIS59EapNWs/,,,,
401,SM,"Santinho, Santa Catarina",Florianópolis,SC,,12/2/2020,3,,,,,,,https://www.instagram.com/p/CITOAQmlLW7/,,,,
402,SM,,"praia de Itaguaré, Bertioga",SP,12/2/2020 0:00,12/5/2020,1,,,,,,,https://www.instagram.com/p/CIbldP_H5lb/,,,,
403,SM,"Pirangi Do Norte, Rio Grande Do Norte, Brazil",,RN,,12/3/2020,,,,,,,,https://www.instagram.com/p/CIWkTScF7Pu/,,,,
404,SM,Balneário Piçarras,,SC,,12/4/2020,,,,,,,,https://www.instagram.com/p/CIZA8Z3H9Yv/,,,,
405,SM,Praia De Jacumã -RN,,RN,,12/4/2020,,,,,,,,https://www.instagram.com/p/CIZgRhSMf29/,,,,
406,SM,,Porto de Galinhas,PE,,12/5/2020,,,,,,,,https://www.instagram.com/p/CIbSixph3wF/,,,,
407,SM,"Praia Massaguaçu, Caraguatatuba",,SP,12/5/2020 0:00,12/5/2020,muito,10 cm,,,,,,https://www.instagram.com/p/CIbldP_H5lb/,,,,
408,SM,Praia de Cumbuco,,CE,,12/6/2020,,,,,,,,https://www.instagram.com/p/CIdzuZnsvGI/,,,,
409,SM,Floripa - Ilha da Magia,,SC,,12/7/2020,,,,,,,,https://www.instagram.com/p/CIgOhwoj94a/,,,,
410,SM,Praia dos Pescadores,"Arraial d'Ajuda, Portoquá, Porto Seguro",BA,,12/7/2020,,,,,,,,https://www.instagram.com/p/CIgvAG2BUqH/,,,,
411,SM,,"Matinhos, Paraná",PR,,12/7/2020,3,,,,,,,https://www.instagram.com/p/CIgjn7lFLU2/,,,,
412,SM,Praia Das Pedras,Praia central e Paraguaios,PR,,12/8/2020,,,,,,,,https://www.instagram.com/p/CIi24bBDr95/,,,,
413,SM,,Florianópolis,SC,,12/9/2020,,,,,,,,https://www.instagram.com/p/CIl4Z-TAeYZ/,,,,
414,SM,lhéus Terra De Jorge Amado,,BA,,12/9/2020,,,,,,,,https://www.instagram.com/p/CImHvwrhFNM/,,,,
415,SM,,"Araçagi, Maranhão",MA,,12/10/2020,,,,,,,,https://www.instagram.com/p/CInkj0egpiq/,,,,
416,SM,"Praia Vermelha, Penha",,SC,,12/10/2020,,,,,,,,https://www.instagram.com/p/CIoVBdZJzlM/,,,,
417,SM,Praia do Sol,,PB,11/10/2020 0:00,12/11/2020,,,,,,,,https://www.instagram.com/p/CIrMX4rJwmq/,,,,
418,SM,Florianópolis,Florianópolis,SC,,12/11/2020,,,,,,,,https://www.instagram.com/p/CIqM9vqA2uc/,https://www.instagram.com/p/CIrh9CzpwKG/,,,
419,SM,"Pôrto Das Galinhas, Pernambuco, Brazil",,PE,,12/11/2020,,15 cm,,touching/ holding the jellyfish,,M,,https://www.instagram.com/p/CIrB8GhB8QP/,,,,
420,SM,Praia Central - Baln. Camburiu,próximo ao pontal norte,SC,,12/11/2020,8,,,,,,,https://www.instagram.com/p/CIrN2Pnj8Ct/,,,,
421,SM,Jurerê Internacional,,SC,,12/12/2020,,,,,,,,https://www.instagram.com/p/CIs2PQ_F5dY/,,,,
422,SM,Praia do Santinho,,SC,,12/12/2020,,,,,,,,https://www.instagram.com/p/CItfyq3FIBR/,,,,
423,SM,Balneário Camboriú,,SC,,12/13/2020,,,,,,,,https://www.instagram.com/p/CIvqJMKjT9G/,,,,
424,SM,,"Campeche, Florianópolis",SC,,12/13/2020,,,,,,,,https://www.instagram.com/p/CIvW246Bq7Y/,,,,
425,SM,"Praia do Forte, Bahia",,BA,,12/13/2020,,,,,,,,https://www.instagram.com/p/CIv-9NEAua-/,,,,
426,SM,"Algodoal, Para, Brazil",,PA,,12/13/2020,algumas,,,,,,,https://www.instagram.com/p/CIwWCZUBiC8/,,,,
427,SM,,"Igers, Salvador",BA,,12/14/2020,,,,,,,,https://www.instagram.com/p/CIxqarClDtv/,,,,
428,SM,Porto de Galinhas,,PE,,12/17/2020,,,,,,,,https://www.instagram.com/p/CI6phJph_S-/,,,,
429,SM,Praia Das Pedras,,PR,,12/23/2020,,,,,,,,https://www.instagram.com/p/CJJnmNMjewd/,,,,
430,SM,"Praia do Forte, Bahia",,BA,,12/24/2020,,,,,,,,https://www.instagram.com/p/CJMgccmlS42/,,,,
431,SM,"Pôrto De Sauípe, Bahia, Brazil",,BA,,12/27/2020,4,2 cm,,,,,,https://www.instagram.com/p/CJUBk4uJLXL/,,,,
432,SM,Praia de Jauá - Bahia,,BA,,12/29/2020,,,,,,,,https://www.instagram.com/p/CJYiM_KFSxw/,,,,
433,SM,,"Praia do Guaraú, Peruíbe, São Paulo",SP,12/27/2020 0:00,12/29/2020,100+,,,,,,,https://www.instagram.com/p/CJYcgXKp8gS/,,,,
434,SM,Imbassaí,,BA,,12/29/2020,,,Scavenging by insects,,,,,https://www.instagram.com/p/CJZcRLzrnnb/,,,,
435,SM,"Peroba, Icapui/CE",,CE,,1/1/2021,,,,,,,,https://www.instagram.com/p/CJhXxj3j930/,,,,
436,SM,"Itapuã, Bahia, Brazil",Salvador,BA,,1/1/2021,,,,,,,,https://www.instagram.com/p/B6yoguDHQ9G/,,,,
437,SM,"Aracaju, Sergipe, Brasil",,SE,,1/2/2021,,,,,,,,https://www.instagram.com/p/CJjSb3yMufs/,,,,
438,SM,,"Praia do Forte, Bahia",BA,,1/2/2021,,,,,,,,https://www.instagram.com/p/CJiDlMyA5cQ/,,,,
439,SM,Ilha Comprida,,SP,,1/3/2021,,,,,,,,https://www.instagram.com/p/CJmuQB1BFVk/,,,,
440,SM,Ilhabela Litoral Norte - SP - Brasil,,SP,,1/4/2021,,,,,,,,https://www.instagram.com/p/CJob4MsHZfN/,,,,
441,SM,Praia do Novo Campeche,,SC,,1/4/2021,,,,,,,,https://www.instagram.com/p/CJovWtopueK/,,,,
442,SM,Ilheus Bahia Brasil,,BA,,1/5/2021,,,,,,,,https://www.instagram.com/p/CJq79pKMS1E/,,,,
443,SM,São Luís - Maranhão - Brasil,,MA,,1/5/2021,,15 cm,,,,,,https://www.instagram.com/p/CJq0FW4pya3/,,,,
444,SM,Cabedelo,,PB,,1/5/2021,várias,,,,,,,https://www.instagram.com/p/CYX1K1gsgbf/,,,,
445,SM,,Fortaleza,CE,,1/6/2021,3,,,,,,,https://www.instagram.com/p/CJuAH9OnhK8/,,,,
446,SM,Praia Brava Caiobá,,PR,1/6/2021 0:00,1/6/2021,1,,,,,,,https://www.instagram.com/p/CJtQJlJl_5t/,,,,
447,SM,Ubatuba,Ilha Anchieta,SP,1/7/2021 0:00,2/7/2021,muitas,,,,,,,https://www.instagram.com/p/CLAIAN4rQZ7/,,,,
448,SM,"Alcobaça, Bahia, Brazil",Costa das Baleias,BA,1/7/2021 0:00,1/7/2021,,,,,,,,https://www.instagram.com/p/CJvnAZUAJqR/,,,,
449,SM,,"Praia do Robalo, Aracajú - SE",SE,,1/8/2021,,,,,,,,https://www.instagram.com/p/CJzaXFtLooK/,,,,
450,SM,"Canoa Quebrada, Ceara, Brazil",,CE,,1/9/2021,,,,,,,,https://www.instagram.com/p/CJ06HzvBr9s/,,,,
451,SM,,"Praia do Seixas, João Pessoa",PB,1/9/2021 0:00,1/10/2021,1,,,,,,,https://www.instagram.com/p/CYjVqdEpPL3/,,,,
452,SM,Cabo Branco,,PB,1/10/2021 0:00,1/10/2021,,,,,,,,https://www.instagram.com/p/CYjVqdEpPL3/,,,,
453,SM,Praia Baía Do Sol - Mucuri Ba,,BA,,1/10/2021,,,,,,,,https://www.instagram.com/p/CJ3EXcclBFt/,,,,
454,SM,Santa Cruz Cabrália,,BA,,1/10/2021,,,,,,,,https://www.instagram.com/p/CJ3R8vbDQlE/,,,,
455,SM,Balneário Camboriú,,SC,,1/11/2021,2,,,,,,,https://www.instagram.com/p/CJ634X2nbd0/,,,,
456,SM,"Peruíbe - Litoral Sul, SP",,SP,1/11/2021 0:00,1/12/2021,130,,,,,,,https://www.instagram.com/p/CJ88QL1FCvw/,,,,
457,SM,Praia Rainha do Mar,,RS,,1/14/2021,,,,,,,,https://www.instagram.com/p/CKCl-gVhcAz/,,,,
458,SM,"Praia De Caraúbas, Maxaranguape RN",Praia de Caraubas,RN,,1/16/2021,,,,,,,,https://www.instagram.com/p/CKHwKLegdL5/,https://www.instagram.com/p/CKITMWEA2AL/,,,
459,SM,Ilha do Guarau,,SP,,1/16/2021,,,,,,,,https://www.instagram.com/p/CKHD7FFh8Yz/,,,,
460,SM,Praia do Mariscal,,SC,,1/16/2021,,,,,,,,https://www.instagram.com/p/CKHGZaIFz2R/,,,,
461,SM,,"praia Preta do centro, São Sebastião",SP,1/17/2021 0:00,1/20/2021,,,,,,,,https://www.instagram.com/p/CKSLizdnLsm/,,,,
462,SM,,Porto do Mangue,RN,,1/19/2021,,,,,,,,https://www.instagram.com/p/CKP4H4fBbjO/,https://www.instagram.com/p/CKP5OZvhRN3/,,,
463,SM,Ipanema Beach,,PR,,1/19/2021,,,,,,,,https://www.instagram.com/p/CKOuH3SlGlM/,,,,
464,SM,,"São Sebastião, praia de Baraquaçaba, litoral norte",SP,1/19/2021 0:00,1/20/2021,1,13 cm,,,,,,https://www.instagram.com/p/CKSLizdnLsm/,,,,
465,SM,"José Menino, Santos",,SP,,1/20/2021,3,,,,,,,https://www.instagram.com/p/CKRbn3Vg-k-/,,,,
466,SM,Praia Do Posto 5 Boqueirão,"Posto 5 bombeiros, desde o canal 4, Santos",SP,,1/20/2021,8,10-15 cm,,,,,,https://www.instagram.com/p/CKRmaSHgsjv/,,,,
467,SM,,"Praia de Itararé, São Vicente",SP,,1/21/2021,2,,,,,,,https://www.instagram.com/p/CKT_7JqByfy/,,,,
468,SM,Peruibe Beach,,SP,,1/21/2021,,,,,,,,https://www.instagram.com/p/CKTl-USjFdK/,,,,
469,SM,"Praia de Itapirubá, Santa Catarina",,SC,,1/21/2021,,,,,,,,https://www.instagram.com/p/CKVEYPUgh_S/,,,,https://www.instagram.com/p/CKaXO-5Ame4/
470,SM,Santos,,SP,,1/23/2021,,,,,,,,https://www.instagram.com/p/CKYXyhnAEPz/,https://www.instagram.com/p/CKaJeMEgDDQ/,https://www.instagram.com/p/CKaJXGZA5wN/,https://www.instagram.com/p/CKaJm4QAcB5/,
471,SM,Aracaju,,SE,,1/24/2021,,,,,,,,https://www.instagram.com/p/CKbXbhVhV4R/,,,,
472,SM,,"Península de Maraú, Bahia",BA,,1/24/2021,,,,,,,,https://www.instagram.com/p/CKclKEEgm-5/,,,,
473,SM,Península De Maraú,,BA,,1/24/2021,,,,,,,,https://www.instagram.com/p/CKcx-xRlw_W/,,,,
474,SM,Balneário Presidente / Imbé / RS,,RS,1/24/2021 0:00,1/27/2021,,,,,,,,https://www.instagram.com/p/CKkdriYgTiw/,,,,
475,SM,"Itararé, São Vicente",,SP,1/26/2021 0:00,1/29/2021,,,,,,,,https://www.instagram.com/p/CYEf-WhAyPX/,,,,
476,SM,,Trancoso,BA,1/28/2021 0:00,1/28/2021,,,,,,,,https://www.instagram.com/p/CKmS3XapZxn/?hl=pt-br,,,,
477,SM,Itanhaém- Praia Do Cibratel,,SP,,1/30/2021,várias,,,,,,,https://www.instagram.com/p/CYHE2e2uCUa/,,,,
478,SM,,Praia do Cibratel 2,SP,1/29/2021 0:00,1/30/2021,várias,,,,,,,https://www.instagram.com/p/CYHE2e2uCUa/,,,,
479,SM,,Pipa,RN,,1/30/2021,,,,,,,,https://www.instagram.com/p/CYHojQGPnVW/,,,,
480,SM,"Barra Grande, Bahia, Brazil",,BA,,2/1/2021,váriasevárias,,,,,,,https://www.instagram.com/p/CKwZVm1lL8i/,,,,
481,SM,Praia Tabatinga,,SP,,2/2/2021,,,,,,,,https://www.instagram.com/p/CKyfHg9DXjQ/,,,,
482,SM,São Miguel do Gostoso,,RN,,2/2/2021,,,,,,,,https://www.instagram.com/p/CKymxYMrIGm/,,,,
483,SM,Itacimirim,,BA,2/1/2021 0:00,2/4/2021,,,,,,,,https://www.instagram.com/p/CK49MKwLhZw/,https://www.instagram.com/p/CK496AaLuQb/,,,
484,SM,Balneario Atami,,PR,,2/4/2021,grandenúmero,,,,,,,https://www.instagram.com/p/CK4cNh_JWvd/,,,,
485,SM,,"Barra do Rio Pacoti na praia do PDD, Ceará",CE,,2/4/2021,,,,,,,,https://www.instagram.com/p/CK4dN1xBUcM/,,,,
486,SM,Pitimbu,,PB,,2/5/2021,,,,,,,,https://www.instagram.com/p/CK6h-Juh0W4/,,,,
487,SM,"Cabo Branco, João Pessoa",,PB,,2/5/2021,,,,,,,,https://www.instagram.com/p/CK7ka2nJ9vR/,,,,
488,SM,Praia da Cinelandia,,SE,,2/5/2021,,,,,,,,https://www.instagram.com/p/CK7Epi4BOdN/,,,,
489,SM,Praia De Graçandu - Extremoz - Rn,,RN,,2/6/2021,,,,,,,,https://www.instagram.com/p/CK9OCG2pylh/,,,,
490,SM,,"Praia de Moçambique, Florianópolis",SC,,2/6/2021,,,,,,,,https://www.instagram.com/p/CK94FzDlqUC/,,,,
491,SM,Litoral Sul De Sao Paulo,Peruíbe,SP,,2/6/2021,,,,,,,,https://www.instagram.com/p/CK-DWcNJT2Z/,,,,
492,SM,Restaurante Terral - Maresias,,SP,,2/8/2021,,,,,,,,https://www.instagram.com/p/CLCRiL0BwhJ/,,,,
493,SM,Praia De Graçandu - Extremoz - Rn,,RN,,2/8/2021,,,,,,,,https://www.instagram.com/p/CLCO95MB7y5/,,,,
494,SM,"Japaratinga, Alagoas",,AL,,2/8/2021,,,,,,,,https://www.instagram.com/p/CLCO95MB7y5/,,,,
495,SM,"Praia Da Baleia , São Sebastião/sp",,SP,,2/8/2021,,,,,,,,https://www.instagram.com/p/CLC3i5WBymc/,,,,
496,SM,Praia Grande,,SP,2/8/2021 0:00,2/8/2021,,,,1 accident,,F,,https://www.instagram.com/p/CLDHxBknDys/,,,,
497,SM,Praia Grande - Ubatuba,,SP,2/8/2021 0:00,2/10/2021,,20 cm,,,,,,https://www.instagram.com/p/CLHNBFPgv8d/,https://www.instagram.com/p/CLChx3gDfSM/,,,
498,SM,Ilha de Itamaracá,,PE,,2/9/2021,,,,,,,,https://www.instagram.com/p/CLEzXH5h_RB/,,,,
499,SM,,"Praia Grande, São Paulo",SP,,2/9/2021,várias,,,,,,,https://www.instagram.com/p/CLEsIOxA5Sw/,,,,
500,SM,Pico Da Cruz - Rio Tavares,,SC,,2/9/2021,4,,,,,,,https://www.instagram.com/p/CZxynnkgCeZ/?hl=pt-br,,,,
501,SM,Riviera De São Lourenço,,SP,,2/9/2021,bastante,,,,,,,https://www.instagram.com/p/CLFuA1OgiWk/,,,,
502,SM,Praia Taipu de Fora,"Península de Maraú, Bahia",BA,,2/10/2021,,,,,,,,https://www.instagram.com/p/CLHi48iMOPp/,,,,
503,SM,,"Barra dos Coqueiros, Sergipe",SE,,2/12/2021,,,,,,,,https://www.instagram.com/p/CLNig0ohJbp/,,,,
504,SM,"Praia Do Flamengo, Salvador,bahia,brasil",,BA,,2/13/2021,,,,,,,,https://www.instagram.com/p/CLQGUMHpW4x/,,,,
505,SM,,Salvador,BA,,2/14/2021,,,,,,,,https://www.instagram.com/p/CLQGUMHpW4x/,,,,
506,SM,Itacimirim,,BA,,2/15/2021,,,,,,,,https://www.instagram.com/p/CLUA8W0rYUC/,,,,
507,SM,Abais Beach,,SE,,2/15/2021,,,,,,,,https://www.instagram.com/p/CLUdNd7hxcg/,,,,
508,SM,Aracaju,,SE,,2/15/2021,,,,,,,,https://www.instagram.com/p/CLU-vo_BHK_/,,,,
509,SM,"Pôrto De Sauípe, Bahia, Brazil",,BA,,2/15/2021,,3-5 cm,,,,,,https://www.instagram.com/p/CLUzaRapPbx/,,,,
510,SM,"Canto Do Maluf, Praia Das Pitangueiras- Guarujá Sp",,SP,2/15/2021 0:00,2/16/2021,,,,,,,,https://www.instagram.com/p/CLXy7jlFWAI/,,,,
511,SM,Vila Atlantica - Mongaguá,,SP,,2/15/2021,,,,,,,,https://www.instagram.com/p/CLUza-4Aa5A/,,,,
512,SM,Aracaju,,SE,,2/16/2021,,,,,,,,https://www.instagram.com/p/CLWdfV-h57N/,,,,
513,SM,Vila Mirim - Praia Grande,,SP,,2/17/2021,,,,,,,,https://www.instagram.com/p/CLYU3W1ArhN/,,,,
514,SM,,"Praia da Vila, Imbituba",SC,,2/18/2021,,,,,,,,https://www.instagram.com/p/CLc3arRBw6R/,,,,
515,SM,Praia De Aruana Aracaju Se,,SE,,2/18/2021,,,,,,,,https://www.instagram.com/p/CLbpcELBTUX/,,,,
516,SM,Aracaju,,SE,,2/19/2021,,,,,,,,https://www.instagram.com/p/CLe8mwPh9av/,,,,
517,SM,Canto do Forte - Praia Grande - SP,,SP,2/19/2021 0:00,2/23/2021,,,,1 accident,41,M,trunk/arm,https://www.instagram.com/p/CLordV6AD25/,,,,
518,SM,Águas Belas Beach,,CE,,2/20/2021,,,,,,,,https://www.instagram.com/p/CLiFYRtlUrd/,,,,
519,SM,"Praia dos Ingleses, Floripa/SC",,SC,,2/20/2021,,,,,,,,https://www.instagram.com/p/CLheUMxBOT5/,,,,
520,SM,Pitimbu,,PB,,2/22/2021,,,,,,,,https://www.instagram.com/p/CLmZ5rtF3s0/,,,,
521,SM,Praia da Pinheira/Palhoça.,,SC,2/22/2021 0:00,2/23/2021,,,,,,,,https://www.instagram.com/p/CLp4K7zlLKm/,,,,
522,SM,,"Península de Maraú, close of Taipu de Fora and Barra Grande, Bahia",BA,,2/23/2021,,,,,,,,https://www.instagram.com/p/CLpiHDrsrnV/?hl=pt-br,,,,
523,SM,Itacimirim,,BA,,2/24/2021,,,,,,,,https://www.instagram.com/p/CLsIOV9F5wg/,,,,
524,SM,Porto de Galinhas - PE,,PE,,1/26/2021,,,,,,,,https://www.instagram.com/p/CLwN-tMjqeW/,,,,
525,SM,Praia De Carro Quebrado-AL,,AL,,2/27/2021,,,,1 accident,,,,https://www.instagram.com/p/CLy_WNbLyrH/,,,,
526,SM,Florianópolis - S/C,Praia do Campeche,SC,,2/27/2021,,,,,,,,https://www.instagram.com/p/CLz76htFMUs/,,,,
527,SM,"Praia do Forte, Bahia",,BA,,2/28/2021,,,,,,,,https://www.instagram.com/p/CL2VGk9F95k/,,,,
528,SM,Aracaju,,SE,,3/1/2021,2,,,,,,,https://www.instagram.com/p/CL4fMqvBSU5/,,,,
529,SM,Praia da Caueira- Itaporanga D' Ajuda-SE,,SE,,3/1/2021,,,,,,,,https://www.instagram.com/p/CL4jsemgNp5/,,,,
530,SM,"Barra Grande, Alagoas, Brazil",,AL,,3/4/2021,100+,,,2 accidents,,,,https://www.instagram.com/p/CMBID3xDV4m/,,,,
531,SM,Praia de Jauá - Bahia,,BA,,3/4/2021,,,,,,,,https://www.instagram.com/p/CL_6mOOA7Gz/,,,,
532,SM,Imbassaí,,BA,,3/6/2021,,,,,,,,https://www.instagram.com/p/CMGEar-p4YZ/,,,,
533,SM,,"Barra do Jacuípe, BA, Brasil",BA,,3/8/2021,,,,,,,,https://www.instagram.com/p/CMJ4Y60pV3E/,,,,
534,SM,"Pôrto De Sauípe, Bahia, Brazil",,BA,,3/12/2021,,3-5 cm,,,,,,https://www.instagram.com/p/CMU7SlcJDwA/,,,,
535,SM,"Guaibim, Bahia, Brazil",,BA,,3/19/2021,,,,,,,,https://www.instagram.com/p/CMm4hoNse8m/,,,,
536,SM,"Cururupe, Bahia, Brazil",Ilheus,BA,3/19/2021 0:00,3/19/2021,,7-10 cm,,,,,,https://www.instagram.com/p/CMndpdNMZ41/,,,,
537,SM,"Pôrto De Sauípe, Bahia, Brazil",,BA,,3/21/2021,,,,1 accident,,F,arm,https://www.instagram.com/p/CMsQNBDpD5N/,,,,
538,SM,,"Praia do Forte, Bahia",BA,,3/27/2021,,,,,,,,https://www.instagram.com/p/CM67qORsvJj/,,,,
539,SM,Praia Do Satu,,BA,,3/28/2021,,,,,,,,https://www.instagram.com/p/CM9xDuDp84U/,,,,
540,SM,Salvador,,BA,,3/28/2021,,,,,,,,https://www.instagram.com/p/CM-9WKYHpsC/,,,,
541,SM,,"Jericoacara, Ceará",CE,,4/1/2021,,,,,,,,https://www.instagram.com/p/CNI49n-po9U/,,,,
542,SM,,"Joao Pessoa, Bessa",PB,,4/5/2021,,,,,,,,https://www.instagram.com/p/CNTKLRPMof1/,,,,
543,SM,Praia Do Refúgio,,SE,,4/6/2021,,,,,,,,https://www.instagram.com/p/CNVfY4hBh6_/,,,,
544,SM,,Imbassaí,BA,,4/11/2021,,7-10 cm,,,,,,https://www.instagram.com/p/CNhzERylyrl/,,,,
545,SM,Aruana Beach,Aracaju,SE,,4/11/2021,,,,,,,,https://www.instagram.com/p/CNiz57kB5Tj/,,,,
546,SM,Arraial do Cabo,,RJ,,4/19/2021,,2-3 cm,,touching/ holding the jellyfish,,M,,https://www.instagram.com/p/CN2O_VUH3Y_/,,,,
547,SM,,Maragogi,AL,,4/22/2021,,,,,,,,https://www.instagram.com/p/CN_DYwULcvA/,,,,
548,SM,,Praia de Campina,PB,,4/23/2021,,,,,,,,https://www.instagram.com/p/COBckUDhGa1/,,,,
549,SM,,"Alcantara, Maranhao",MA,,5/5/2021,,,,,,,,https://www.instagram.com/p/COfdORrNXPW/,,,,
550,SM,Pontal Do Maracaipe,,PE,,5/8/2021,2,,,,,,,https://www.instagram.com/p/COoLc9urLdt/,,,,
551,SM,Berlink - Ilha de Itaparica,,BA,,5/19/2021,,5-10 cm,,touching/ holding the jellyfish/ returned to the sea,,F,,https://www.instagram.com/p/CPE6JyljFVn/,,,,
552,SM,,Porto das Dunas,CE,,5/20/2021,,,,,,,,https://www.instagram.com/p/CPHDO9qLEVj/,,,,
553,SM,,"Boa Viagem, Recife",PE,,5/30/2021,,,,,,,,https://www.instagram.com/p/CPgJUrzJFJL/,,,,
554,SM,"Praia Do Flamengo, Salvador,bahia,brasil",,BA,,6/5/2021,,,,,,,,https://www.instagram.com/p/CPwIwxXJTdx/,,,,
555,SM,Praia De São Marcos,,MA,,6/5/2021,,,,,,,,https://www.instagram.com/p/CPwq8oGJDh6/,,,,
556,SM,Salvador,,BA,,6/9/2021,,,,1 accident,,F,cheek/neck,https://www.instagram.com/p/CP5dF3oFgTX/,,,,
557,SM,Praia de Guarajuba,Bahia,BA,,6/29/2021,2,,Strandings of Jhantina jhantina,,,,,https://www.instagram.com/p/CQubek4HPHd/,,,,
558,SM,Maragogi - Alagoas - Caribe Brasileiro,,AL,,8/3/2021,,,,,,,,https://www.instagram.com/p/CSInQxTrNMB/,,,,
559,SM,Porto De Galinhas Pernambuco Brasil,,PE,,8/7/2021,,,,,,,,https://www.instagram.com/p/CSSKICnF9Nx/,,,,
560,SM,Itacaré - Bahia,,BA,,8/10/2021,,,,,,,,https://www.instagram.com/p/CSacNUxMYz1/,,,,
561,SM,Imbassaí - BA,,BA,,8/11/2021,,,,,,,,https://www.instagram.com/p/CSc5tiAIcTE/,,,,
562,SM,,"Aquiraz, Ceará",CE,8/22/2021 0:00,8/30/2021,algumas,,,,,,,https://www.instagram.com/p/CTM0sDAjdri/,,,,
563,SM,,"Praia do Futuro, Fortaleza, Ceará",CE,8/28/2021 0:00,8/30/2021,,,,,,,,https://www.instagram.com/p/CTM0sDAjdri/,,,,
564,SM,,"Prainha, Aquiraz, Ceará",CE,8/29/2021 0:00,8/30/2021,cheio,,,2 accidents,,F,,https://www.instagram.com/p/CTM0sDAjdri/,,,,
565,SM,,"Praia da Taiba, Ceará",CE,8/29/2021 0:00,8/30/2021,,,,,,,,https://www.instagram.com/p/CTM0sDAjdri/,,,,
566,SM,,"Praia da Leste Oeste, Ceará",CE,8/29/2021 0:00,8/30/2021,,,,touching/ holding the jellyfish/ returned to the sea,,F,,https://www.instagram.com/p/CTM0sDAjdri/,,,,
567,SM,,"Prai do Barro Preto, Ceará",CE,8/29/2021 0:00,8/30/2021,cheio,,,,,,,https://www.instagram.com/p/CTM0sDAjdri/,,,,
568,SM,,"Praia da Lagoinha, Ceará",CE,8/29/2021 0:00,8/30/2021,,,,,,,,https://www.instagram.com/p/CTM0sDAjdri/,,,,
569,SM,,"Praia da Canoa Quebrada, Ceará ",CE,8/29/2021 0:00,8/30/2021,,,,1 accident,,M,leg,https://www.instagram.com/p/CTM0sDAjdri/,,,,
570,SM,,"Praia do Caça e Pesca, Ceará ",CE,8/29/2021 0:00,8/30/2021,,,,1 accident,,M,,https://www.instagram.com/p/CTM0sDAjdri/,,,,
571,SM,,"Praia Porto das Dunas, depois do Beach Park, Fortaleza",CE,8/29/2021 0:00,8/30/2021,algumas,,,2 accidents,,,,https://www.instagram.com/p/CTM0sDAjdri/,,,,
572,SM,,"Praia de Camucim, Ceará",CE,8/29/2021 0:00,8/30/2021,,,,,,,,https://www.instagram.com/p/CTM0sDAjdri/,,,,
573,SM,,"Praia o Japão, Ceará",CE,8/29/2021 0:00,8/30/2021,,,,1 accident,,M,,https://www.instagram.com/p/CTM0sDAjdri/,,,,
574,SM,,"Praia do Iguape, Ceará",CE,8/29/2021 0:00,8/30/2021,algumas,,,,,,,https://www.instagram.com/p/CTM0sDAjdri/,,,,
575,SM,,"Praia do Futuro, Fortaleza, Ceará",CE,8/29/2021 0:00,8/30/2021,,,,,,,,https://www.instagram.com/p/CTM0sDAjdri/,,,,
576,SM,,"Praia do Presídio, Ceará",CE,8/29/2021 0:00,8/30/2021,algumas,,,,,,,https://www.instagram.com/p/CTM0sDAjdri/,,,,
577,SM,,"Sabiaguaba, Fortaleza, Ceará",CE,8/29/2021 0:00,8/30/2021,um montão ,,,,,,,https://www.instagram.com/p/CTM0sDAjdri/,,,,
578,SM,,"Praia de Cumbuco, Ceará",CE,8/30/2021 0:00,8/30/2021,,,,,,,,https://www.instagram.com/p/CTM0sDAjdri/,,,,
579,SM,,"Praia do Futuro, Fortaleza, Ceará",CE,8/30/2021 0:00,9/6/2021,várias,,,20 accidents,,,,https://www.instagram.com/p/CTfRP9orMSh/,https://www.instagram.com/p/CTM0sDAjdri/,,,
580,SM,Praia Do Balbino- Cascavel Ceará,,CE,,8/31/2021,,,,3 accidents,,,,https://www.instagram.com/p/CTPCRtCLFMJ/,,,,
581,SM,Praia Do Futuro - Fortaleza - Ce,,CE,,9/2/2021,,,,,,,,https://www.instagram.com/p/CTTkYTiMMlb/,,,,
582,SM,Praia Do Futuro - Fortaleza - Ce,,CE,,9/4/2021,4,,,,,,,https://www.instagram.com/p/CTZbHz1n7XY/,,,,
583,SM,Praia Do Futuro - Fortaleza - Ce,,CE,,9/5/2021,5,,,,,,,https://www.instagram.com/p/CTc6gYUp8QQ/,,,,
584,SM,,Jacuma,PB,,9/9/2021,,,,,,,,https://www.instagram.com/p/CTnqiOxFPEu/,,,,
585,SM,Aracaju-Serjipe,,SE,2018,9/10/2021,,,,,,,,https://www.instagram.com/p/CTpfzGrr_F6/,,,,
586,SM,,Praia de Cumbuco,CE,,9/22/2021,,,,,,,,https://www.instagram.com/p/CUIOYeMLVGF/,,,,
587,SM,Enseadas dos Corais,,PE,,9/23/2021,,,,,,,,https://www.instagram.com/p/CUL1jVFLHdl/,,,,
588,SM,Praia do Bessa,,PB,,9/26/2021,,,,,,,,https://www.instagram.com/p/CUSyjHgp1tn/,,,,
589,SM,,"Serrambi, Pernambuco, Ipojuca",PE,,9/27/2021,,,,,,,,https://www.instagram.com/p/CUVJSw8AkaB/,,,,
590,SM,Candeias Beach,,PE,9/30/2021 0:00,9/30/2021,,,,,,,,https://www.instagram.com/p/CUdeCIgrW6p/,,,,
591,SM,,"Praia do Pinto, Ilhabela",SP,9/28/2021 0:00,9/30/2021,2,,,,,,,https://www.instagram.com/p/CUdljYsL7AQ/,,,,
592,SM,Ilhabela Litoral Norte - SP - Brasil,,SP,,9/30/2021,,,,,,,,https://www.instagram.com/p/CUcgvF4rvaY/,,,,
593,SM,Balneário Gaivotas,Paraná,PR,,9/30/2021,2,,,,,,,https://www.instagram.com/p/CUcqNmOsMn0/,,,,
594,SM,"Praia do Capricórnio, Caraguátatuba, São Paulo.",,SP,,10/2/2021,2,,,,,,,https://www.instagram.com/p/CUiwR63rmWW/,,,,
595,SM,Candeias,,PE,,10/3/2021,,,,,,,,https://www.instagram.com/p/CUlhFrPLH6s/,,,,
596,SM,"Luiz Correia, Piaui, Brazil",,PI,,10/9/2021,,,,,,,,https://www.instagram.com/p/CU0juavJetK/,,,,
597,SM,Bahia,Salvador,BA,,10/9/2021,,5-10 cm,,touching/ holding the jellyfish/ in the mouth/ 1 accident,,M,,https://www.instagram.com/p/CUznK6agz-A/,,,,
598,SM,,"Praia do Ruínas, Peruibe",SP,10/10/2021 0:00,10/12/2021,cheio,,,,,,,https://www.instagram.com/p/CGQp0o5hfxS/,,,,
599,SM,,Peruíbe,SP,,10/12/2021,,,,,,,,https://www.instagram.com/p/CGQp0o5hfxS/,,,,
600,SM,Porto Novo Caragua,,SP,,10/14/2021,,,,,,,,https://www.instagram.com/p/CVB1yQXNd02/,,,,
601,SM,,"praia das Palmeiras, em frente ao quiosque 42",SP,,10/14/2021,2,,,,,,,https://www.instagram.com/p/CVB1yQXNd02/,,,,
602,SM,Boqueirão Sul - Ilha Comprida,Praia da Trincheira,SP,10/15/2021 0:00,10/15/2021,,,,,,,,https://www.instagram.com/p/CVDIbN9AM1H/,,,,
603,SM,"Praia das Dunas, Estância, Sergipe",Aracaju,SE,,10/20/2021,,,,,,,,https://www.instagram.com/p/CVQpfWwrDJZ/,,,,
604,SM,Praia de Santo Antônio,,BA,,10/27/2021,,,,,,,,https://www.instagram.com/p/CVi1z_DPPOE/,,,,
605,SM,Península Do Maraú - Bahia,,BA,10/26/2021 0:00,10/28/2021,,,,,,,,https://www.instagram.com/p/CVkWqFlLOxq/,,,,
606,SM,Praia do Balneário Gaivota,,SC,10/28/2021 0:00,10/28/2021,,,,,,,,https://www.instagram.com/p/CVlbb4MPrIU/,,,,
607,SM,Praia de Guarajuba,,BA,,10/29/2021,,,,,,,,https://www.instagram.com/p/CVoDfT6pVo6/,,,,
608,SM,"Praia De Coroa, Vera Cruz",,BA,,10/31/2021,,,,,,,,https://www.instagram.com/p/CVsVt-ErXGF/,,,,
609,SM,,Praia Ipitanga/Flamengo,BA,11/1/2021 0:00,11/2/2021,,,,,,,,https://www.instagram.com/p/CVxK32GL5yA/,,,,
610,SM,,"Praia do Flamengo, Salvador/Bahia/Brasil",BA,,11/2/2021,,,,,,,,https://www.instagram.com/p/CVxK32GL5yA/,,,,
611,SM,Beira-Mar da Praia Central,,SC,,11/3/2021,algumas,,,,,,,https://www.instagram.com/p/CV0YN84r3_f/,,,,
612,SM,Salvador,,BA,,11/5/2021,,,,,,,,https://www.instagram.com/p/CV6f3HIrM0O/,,,,
613,SM,Tucuns - Armação Dos Búzios,Praia de Tucuns ( Armação dos Búzios),RJ,,11/5/2021,,,,,,,,https://www.instagram.com/p/CV6mamPs2hk/,,,,
614,SM,Aracaju,,SE,,11/7/2021,,,,,,,,https://www.instagram.com/p/CV-aM7zLwdh/,https://www.instagram.com/p/CV-aMT9LFeK/,,,
615,SM,Piscina Natural - Pajuçara,"Maceió, Alagoas",AL,,11/7/2021,,,,,,,,https://www.instagram.com/p/CV-zidUJyLO/,,,,
616,SM,"Manguinhos, Espirito Santo, Brazil",,ES,,11/9/2021,,,,,,,,https://www.instagram.com/p/CWElZpqP78z/,,,,
617,SM,,"Praia de Manguinhos, na Serra, ES",ES,,11/11/2021,1,,,,,,,https://www.instagram.com/p/CWJm72vr2fp/,,,,
618,SM,,"Praia da Maria Neném, ES",ES,11/11/2021 0:00,11/11/2021,1,,,,,,,https://www.instagram.com/p/CWJm72vr2fp/,,,,
619,SM,,Guaratuba,PR,,11/13/2021,,,,,,,,https://www.instagram.com/p/CWNb0ACrpNN/,,,,
620,SM,,Cabo Frio,RJ,11/13/2021 0:00,11/13/2021,1,,,,,,,https://www.instagram.com/p/CWPRuvPsf6F/,,,,
621,SM,,Arral do Cabo,RJ,11/13/2021 0:00,11/16/2021,,,,,,,,https://www.instagram.com/p/CWVi1JXlihe/,,,,
622,SM,"Barra do Jacuípe, Bahia",,BA,,11/13/2021,,,,,,,,https://www.instagram.com/p/CWOEfMmFDs5/,,,,
623,SM,,Jaguaribe,CE,,11/13/2021,,,,,,,,https://www.instagram.com/p/CWPRCqqlrP2/,,,,
624,SM,Ipojuca,Porto de Galinhas,PE,,11/13/2021,,,,,,,,https://www.instagram.com/p/CWOU1ebrC-L/,,,,
625,SM,,Praia de Tucuns ( Armação dos Búzios),RJ,11/6/2021 0:00,11/13/2021,,,,,,,,https://www.instagram.com/p/CWPRuvPsf6F/,,,,
626,SM,"Geribá, Búzios, RJ",Praia do Geribá,RJ,11/13/2021 0:00,11/16/2021,1,,,,,,,https://www.instagram.com/p/CWVi1JXlihe/,,,,
627,SM,,Arrail do Cabo,RJ,11/14/2021 0:00,11/21/2021,,,,touching/ holding the jellyfish,,F,,https://www.instagram.com/p/CWi4cmirekk/,,,,
628,SM,"Praia De Canasvieiras, Florianopolis, Brasil",,SC,,11/15/2021,,,,,,,,https://www.instagram.com/p/CWT05gFv5sF/,,,,
629,SM,,Prainha em Arraial do Cabo,RJ,11/15/2021 0:00,11/24/2021,1,,,1 accident,,M,feet,https://www.instagram.com/p/CWqarzar5Ne/,,,,
630,SM,,praia do florestinha em Tamoios,RJ,,11/16/2021,muitos,,,,,,,https://www.instagram.com/p/CWVi1JXlihe/,,,,
631,SM,"Arraial D'Ajuda, Porto Seguro-BA",,BA,,11/16/2021,,10 cm,,touching/ holding the jellyfish/ 1 accident,,M,,https://www.instagram.com/p/CWVk3BwFFpP/,,,,
632,SM,Praia De Ubatuba - São Francisco Do Sul - SC,,SC,,11/16/2021,,,,,,,,https://www.instagram.com/p/CWV96J_LrNz/,,,,
633,SM,Península Do Maraú - Bahia,,BA,,11/16/2021,,,,,,,,https://www.instagram.com/p/CWVIC1BrQ5O/,,,,
634,SM,"Campeche, Santa Catarina, Brazil",,SC,,11/19/2021,,,,,,,,https://www.instagram.com/p/CWdseqpD-39/,,,,
635,SM,Serra Grande BA Brasil o paraíso é aqui,,BA,,11/20/2021,10+,,,,,,,https://www.instagram.com/p/CWgzS61Lu2g/,,,,
636,SM,"Ponta Negra, Natal",,RN,,11/20/2021,,,,,,,,https://www.instagram.com/p/CWhYTj_rriG/,,,,
637,SM,,"Praia do Pontal, Cabo Frio",RJ,11/20/2021 0:00,11/21/2021,,,,,,,,https://www.instagram.com/p/CWi4cmirekk/,,,,
638,SM,,"Bairro Maracanã, Praia Grande",SP,11/21/2021 0:00,11/25/2021,1,,,,,,,https://www.instagram.com/p/CWtXH1KlcMN/,,,,
639,SM,,"Praia do Peró, em Cabo Frio",RJ,11/21/2021 0:00,11/21/2021,5,,,,,,,https://www.instagram.com/p/CWi4cmirekk/,,,,
640,SM,,Praia de Manguinhos,RJ,11/23/2021 0:00,11/24/2021,praiacheia,,,,,,,https://www.instagram.com/p/CWqarzar5Ne/,,,,
641,SM,Praia De Ubatuba - São Francisco Do Sul - SC,,SC,,11/23/2021,,,,,,,,https://www.instagram.com/p/CWn1mt7LvJx/,,,,
642,SM,,Praia da Tartaruga,RJ,11/23/2021 0:00,11/24/2021,1,,,,,,,https://www.instagram.com/p/CWqarzar5Ne/,,,,
643,SM,Praia Azeda e Azedinha,,RJ,,11/24/2021,1,,,,,,,https://www.instagram.com/p/CWqarzar5Ne/,,,,
644,SM,Canto do Forte/Vista Mar,,SP,,11/25/2021,,,,2 accidents,,,,https://www.instagram.com/p/CWsfrjisWjl/,,,,
645,SM,Praia Grande,"Praia Canto do Forte, Baixada Santista",SP,11/25/2021 0:00,11/25/2021,muitas,,Scavenging by insects,,,,,https://www.instagram.com/p/CWtXH1KlcMN/,,,,
646,SM,,"Praia do Guaraú, em Peruíbe",SP,11/26/2021 0:00,11/25/2021,várias,,,,,,,https://www.instagram.com/p/CWtXH1KlcMN/,,,,
647,SM,Praia Da Azedinha,,RJ,,11/26/2021,,,,,,,,https://www.instagram.com/p/CWvUUjnD1tn/,,,,
648,SM,Peruíbe,Peruíbe,SP,,11/26/2021,grandequantidade,,,,,,,https://www.instagram.com/p/CWwlHHYgXfV/,,,,
649,SM,Porto De Galinhas Pernambuco Brasil,,PE,,11/27/2021,,,,,,,,https://www.instagram.com/p/CWyplB8pgJh/,,,,
650,SM,Peruíbe,Santos,SP,,11/27/2021,grandevolume,,,,,,,https://www.instagram.com/p/CWzV1XGAc0E/,,,,
651,SM,,Praia do Cassino,RS,11/27/2021 0:00,11/27/2021,,,,,,,,https://www.instagram.com/p/CWyy1SFL1wc/?hl=pt-br,,,,
652,SM,,Praia Grande/SP,,,11/28/2021,,,,,,,,https://www.instagram.com/p/CW18lqLNhmi/,,,,
653,SM,Canto do Forte - Praia Grande - SP,,SP,,11/28/2021,,,,,,,,https://www.instagram.com/p/CW1IWCmpox1/,,,,
654,SM,,Natal,RN,11/29/2021 0:00,11/29/2021,,,,1 accident,,F,leg,https://www.instagram.com/p/CW4LDMhsJ0r/,,,,
655,SM,,"Praia de Itaguaré, perto do montão de trigo",SP,11/29/2021 0:00,11/29/2021,1,,,,,,,https://www.instagram.com/p/CW4LDMhsJ0r/,,,,
656,SM,,Porto de Galinhas,PE,,11/29/2021,,,,,,,,https://www.instagram.com/p/CW4SHmXJjqd/,,,,
657,SM,Barra Do Una Juréia,Barra do Uma,SP,,11/29/2021,,,,,,,,https://www.instagram.com/p/CW3Plq3AbPa/,,,,
658,SM,Praia Grande,Bertioga 013,SP,11/29/2021 0:00,11/29/2021,algumas,,,,,,,https://www.instagram.com/p/CW4LDMhsJ0r/,,,,
659,SM,Porto Belo,,SC,11/29/2021 0:00,11/29/2021,,,,,,,,https://www.instagram.com/p/CW3vG8il4KK/,,,,
660,SM,,"Baraqueçaba, São Paulo",SP,12/1/2021 0:00,1/11/2022,,,,,,,,https://www.instagram.com/p/CYmQUxrpTqc/,,,,
661,SM,,Guarujá/SP,SP,12/1/2021 0:00,1/26/2022,,,,,,,,https://www.instagram.com/p/CZMLrc7u86K/,,,,
662,SM,,"Caiçara, Praia Grande, São Paulo",SP,12/2/2021 0:00,12/2/2021,,,,,,,,https://www.instagram.com/p/CW_vy01PnJq/,,,,
663,SM,Pontal do Paraná,,PR,,12/3/2021,,,,,,,,https://www.instagram.com/p/CXC3dIvL4JM/,,,,
664,SM,"Ingleses Norte, Santa Catarina",,SC,,12/5/2021,,,,,,,,https://www.instagram.com/p/CXHFm-LLlFu/,,,,
665,SM,,"Praia do Peró, em Cabo Frio",RJ,12/5/2021 0:00,12/5/2021,1,,,,,,,https://www.instagram.com/p/CXGnyz6gbEY/,,,,
666,SM,PRAINHA - SFS,,SC,,12/6/2021,2,,,,,,,https://www.instagram.com/p/CXI_GBhr4jj/,,,,
667,SM,,Peruibe SP,SP,12/7/2021 0:00,12/7/2021,aosmontes,,,,,,,https://www.instagram.com/p/CXM-73TOYyQ/,,,,
668,SM,Praia Das Fontes-Beberibe-Ce,,CE,21-Dec,12/8/2021,,,,,,,,https://www.instagram.com/p/CXOqxw6L4dZ/,,,,
669,SM,,"Praia de Ipanema, PR",PR,,12/8/2021,2,,,,,,,https://www.instagram.com/p/CXPp33sFjPN/,,,,
670,SM,Praia De Gravatá - Navegantes S.c,,SC,12/8/2021 0:00,12/9/2021,20+,,,touching/ holding the jellyfish/ returned to the sea,,M,,https://www.instagram.com/p/CXQ7I4lLltK/,,,,
671,SM,Guaratuba - Litoral Do Paraná,"Trecho da ponta da pedra ao restaurante oceano, praia Central",PR,12/8/2021 0:00,12/9/2021,18,,,,,,,https://www.instagram.com/p/CXQxEfpLfUi/,,,,
672,SM,Maragogi - Alagoas - Caribe Brasileiro,,AL,,12/9/2021,,,,,,,,https://www.instagram.com/p/CXRRk2LuhHV/,,,,
673,SM,Guaratuba - Litoral Do Paraná,"Trecho da ponta da pedra ao restaurante oceano, praia Central",PR,12/9/2021 0:00,12/9/2021,14,,,,,,,https://www.instagram.com/p/CXQxEfpLfUi/,,,,
674,SM,Pico Da Cruz - Rio Tavares,,SC,,12/10/2021,todapraia,,,,,,,https://www.instagram.com/p/CXTkZH0LxZ6/,,,,
675,SM,,Barrinha/Garopaba,SC,12/10/2021 0:00,12/10/2021,praiainfestada,,,,,,,https://www.instagram.com/p/CXUgamXgpbK/,,,,
676,SM,Floripa - Ilha da Magia,,SC,,12/10/2021,,,,,,,,https://www.instagram.com/p/CXUexbErJ_L/,,,,
677,SM,Praia De Boa Viagem Recife Pernambuco,,PE,,12/10/2021,1,,,,,,,https://www.instagram.com/p/CXTfkR-jP0c/,,,,
678,SM,Praia do Cabo Branco,,PB,,12/11/2021,,3-4 cm,,touching/ holding the jellyfish,,F,,https://www.instagram.com/p/CXWw8-tvQ2W/,,,,
679,SM,Praia de Cumbuco,,SP,,12/11/2021,,,,,,,,https://www.instagram.com/p/CXVqv3qOnGL/,,,,
680,SM,Atlântida Sul,Litoral gaúcho,RS,,12/12/2021,areiarepleta,,,,,,,https://www.instagram.com/p/CXY3K7FF0eW/,,,,
681,SM,Peruíbe Litoral Sul,,SP,12/12/2021 0:00,12/12/2021,1,,,,,,,https://www.instagram.com/p/CXXhrS9LSct/,,,,
682,SM,Praia do Sargi,,BA,,12/12/2021,,,,,,,,https://www.instagram.com/p/CXYdxVKOlKB/,,,,
683,SM,Guaratuba - Litoral Do Paraná,,PR,,12/13/2021,,,,,,,,https://www.instagram.com/p/CXbtbwvPiQ2/,,,,
684,SM,"Ingleses Norte, Santa Catarina",,SC,,12/14/2021,,,,,,,,https://www.instagram.com/p/CXeWqzevU2p/,,,,
685,SM,Imbituba / Sc,,SC,,12/14/2021,algumas,,,,,,,https://www.instagram.com/p/CXdtB7rrc37/,,,,
686,SM,,Majorlandia,CE,,12/17/2021,,,,,,,,https://www.instagram.com/p/CXlWMN7uNAC/,,,,
687,SM,Rio Grande (Rio Grande do Sul),,RS,,12/17/2021,,,,,,,,https://www.instagram.com/p/CXl0a2RrsUf/,,,,
688,SM,"Cotovelo, Rio Grande Do Norte, Brazil",,RN,,12/18/2021,,,,,,,,https://www.instagram.com/p/CXoRIJnr09e/,,,,
689,SM,Porto De Galinhas Pernambuco Brasil,,PE,12/19/2021 0:00,12/19/2021,1,,,,,,,https://www.instagram.com/p/CXqm8a4LN3w/,,,,
690,SM,Praia de Camurupim,,RN,,12/19/2021,,,,,,,,https://www.instagram.com/p/CXrhH7tPkyK/,,,,
691,SM,Ribanceira,Imbituba,SC,,12/19/2021,várias,,,,,,,https://www.instagram.com/p/CXqwTTlrPfJ/,,,,
692,SM,,Jacuma,PB,,12/19/2021,várias,,,,,,,https://www.instagram.com/p/CXrso4trV6z/,,,,
693,SM,"Tamandaré, Pernambuco, Brazil",,PE,,12/20/2021,,,,,,,,https://www.instagram.com/p/CXtlNbOrR7k/,,,,
694,SM,Guaratuba - Litoral Do Paraná,,PR,,12/21/2021,,,,,,,,https://www.instagram.com/p/CXxAcNFtTEC/,,,,
695,SM,Praia Do Sorocotuba Guarujá,,SP,,12/24/2021,,,,,,,,https://www.instagram.com/p/CX4cOoXJ_lx/,,,,
696,SM,Itanhaém,,SP,,12/24/2021,,,,,,,,https://www.instagram.com/p/CX4tRjEln82/,,,,
697,SM,Praia Itapeva - Torres - RS,Balneário Itapeva Norte,RS,,12/25/2021,,,,,,,,https://www.instagram.com/p/CX7FN2QFvBj/,,,,
698,SM,Ilha Comprida,,SP,,12/25/2021,,,,,,,,https://www.instagram.com/p/CX7PYKQgYXQ/,,,,
699,SM,Fleicheiras,,CE,,12/26/2021,,,,,,,,https://www.instagram.com/p/CX9NbXrFj17/,,,,
700,SM,Santos City 013,,SP,12/25/2021 0:00,12/26/2021,várias,,,,,,,https://www.instagram.com/p/CX8bjjxO76s/,,,,
701,SM,Praia de Cumbuco,,CE,,12/26/2021,,,,,,,,https://www.instagram.com/p/CX8Yd4mrvy-/,,,,
702,SM,,Xangrila,RS,,12/27/2021,,,,,,,,https://www.instagram.com/p/CYAOJJnrdHm/,,,,
703,SM,,João Pessoa,PB,12/27/2021 0:00,12/27/2021,1,,,,,,,https://www.instagram.com/p/CYANE0OJ1Tl/,,,,
704,SM,Praia do Cassino - Rio Grande / RS,,RS,,12/27/2021,,,,,,,,https://www.instagram.com/p/CYAVgsXM9JV/,,,,
705,SM,Ilha Comprida,,SP,,12/27/2021,,,,,,,,https://www.instagram.com/p/CYAeS12sun1/,,,,
706,SM,,Campo Bom- Jaguaruna/ SC,SC,12/28/2021 0:00,12/28/2021,4,,,,,,,https://www.instagram.com/p/CYCvkgmPDXV/?hl=pt-br,,,,
707,SM,,"Praia do Cotovelo, Natal",RN,,12/29/2021,algumas,,,,,,,https://www.instagram.com/p/CYWYzAaryEn/,,,,
708,SM,Praia do Cabo Branco,,PB,,12/29/2021,,,,,,,,https://www.instagram.com/p/CYEbrSngEj2/,,,,
709,SM,Praia Do Itaóca - Mongaguá,,SP,12/29/2021 0:00,12/29/2021,,,,,,,,https://www.instagram.com/p/CYFWa94vxZ1/,,,,
710,SM,,Praia Central de BC,SC,,12/30/2021,,,,,,,,https://www.instagram.com/p/CYHCRcjFdo6/?hl=pt-br,,,,
711,SM,,Praia de Campina,PB,,12/30/2021,,,,,,,,https://www.instagram.com/p/CYHvViJvRAk/,,,,
712,SM,Balneário Camboriú,,SC,,12/30/2021,,,,,,,,https://www.instagram.com/p/CYHFe6GLcEd/,,,,
713,SM,Praia De Santo Antonio - Diogo - Bahi,,BA,,12/30/2021,,,,,,,,https://www.instagram.com/p/CYH_W8EopSW/,,,,
714,SM,Candeias,Candeias beach,PE,,12/31/2021,,,,,,,,https://www.instagram.com/p/CYJIbtkOuCY/,,,,
715,SM,Praia De Barreta,,RN,,12/31/2021,,,,,,,,https://www.instagram.com/p/CYJSYp2uBc1/,,,,
716,SM,João Pessoa,,PB,,12/31/2021,3,,,,,,,https://www.instagram.com/p/CYJWxPhOU1t/,,,,
717,SM,Praia do Sonho Verde,"Paripueira, Maceió",AL,,1/1/2022,,,,,,,,https://www.instagram.com/p/CYMS5QrLRBM/,,,,
718,SM,Brasilia Teimosa,"Porto Terra Nova, Praia do Pina",PB,1/2/2022 0:00,1/3/2022,muitas,,,,,,,https://www.instagram.com/p/CYRc40GrS7m/,,,,
719,SM,,Praia de Boa Viagem,PE,1/2/2022 0:00,1/3/2022,muitas,,,,,,,https://www.instagram.com/p/CYRc40GrS7m/,,,,
720,SM,,"Canto do Forte, Praia Grande",SP,1/3/2022 0:00,1/4/2022,1,,,,,,,https://www.instagram.com/p/CYTr-VRBCJO/,,,,
721,SM,"Praia dos Ingleses, Florianópolis, Santa",,SC,1/4/2022 0:00,1/4/2022,,,,,,,,https://www.instagram.com/p/CYU13LWLQM5/,,,,
722,SM,"Itanhaém, São Paulo, Brazil",,SP,,1/4/2022,,,,,,,,https://www.instagram.com/p/CYUzamXPdW0/,,,,
723,SM,Praia Dos Artistas Natal RN,,RN,,1/4/2022,,,,,,,,https://www.instagram.com/p/CYSxaL6spvx/,,,,
724,SM,,"Praia das Minas, Pipa",RN,,1/4/2022,2,,,,,,,https://www.instagram.com/p/CYVBUvzLvMd/,,,,
725,SM,,"Praia do Pirangi, Natal",RN,,1/4/2022,1,,,,,,,https://www.instagram.com/p/CYWYzAaryEn/,,,,
726,SM,Balneário Piçarras,,SC,,1/4/2022,,,,,,,,https://www.instagram.com/p/CYS2qdbt24a/,,,,
727,SM,,Maracajaú,RN,,1/5/2022,,,,touching/ holding the jellyfish/ returned to the sea,,F,,https://www.instagram.com/p/CYXt-01rS36/,,,,
728,SM,Cabo Branco,,PB,,1/5/2022,,,,,,,,https://www.instagram.com/p/CYWokaXrlaO/,,,,
729,SM,Praia De Cambury Litoral Norte De São,Camburi/SP,SP,1/6/2022 0:00,1/7/2022,algumas,,Scavenging by insects,,,,,https://www.instagram.com/p/CZMLrc7u86KI/,,,,
730,SM,,Praia de Maresias,SP,1/6/2022 0:00,1/7/2022,1,,,,,,,https://www.instagram.com/p/CYcu4a1LvLb/,,,,
731,SM,Natal,,RN,,1/7/2022,,,,,,,,https://www.instagram.com/p/CYcaUezpExW/,,,,
732,SM,Iguape / Ilha Comprida - SP,,SP,1/7/2022 0:00,1/7/2022,2,,,,,,,https://www.instagram.com/p/CYckdkmMEfv/,,,,
733,SM,,Praia de Barequeçaba em São Sebastião,SP,1/7/2022 0:00,1/7/2022,,,,,,,,https://www.instagram.com/p/CYcu4a1LvLb/,,,,
734,SM,Santos,Proximidades do canal 2 ,SP,1/7/2022 0:00,1/7/2022,10+,,,,,,,https://www.instagram.com/p/CYc1lHNAbZD/,,,,
735,SM,Praia Capricornio Massagacu,,SP,,1/8/2022,2,,,,,,,https://www.instagram.com/p/CYexFfxvJpj/,,,,
736,SM,Praia do Moçambique,,SC,,1/8/2022,,,,,,,,https://www.instagram.com/p/CYfYWXGsYho/,,,,
737,SM,,Massarandupió,BA,,1/8/2022,,,,,,,,https://www.instagram.com/p/CYfEXwoLHnD/,,,,
738,SM,,Itanhaém,SP,,1/8/2022,2,,,,,,,https://www.instagram.com/p/CYe94qXrYdG/,,,,
739,SM,Sao Sebastião - litoral SP,,SP,,1/8/2022,,,,,,,,https://www.instagram.com/p/CYe9QHbJeei/,,,,
740,SM,"Curumim, Rio Grande do Sul",Praia de Curumim,RS,,1/8/2022,,,,,,,,https://www.instagram.com/p/CYe7h4Cln-H/,,,,
741,SM,,Recife,PE,,1/9/2022,,,,,,,,https://www.instagram.com/p/CYgfi9puTa2/,,,,
742,SM,,Praia do Moçambique,SC,1/1/2022 0:00,1/9/2022,,,,,,,,https://www.instagram.com/p/CYg3H7wr64d/,,,,
743,SM,São Sebastião litoral norte,,SP,,1/11/2022,várias,,,,,,,https://www.instagram.com/p/CYmQUxrpTqc/,,,,
744,SM,,"Ilha Grande, São Paulo",SP,,1/11/2022,várias,,,,,,,https://www.instagram.com/p/CYmQUxrpTqc/,,,,
745,SM,"Fortaleza, Brasil",,CE,,1/11/2022,,,,,,,,https://www.instagram.com/p/CYmKDZirpol/,,,,
746,SM,Ilha Do Mel- Pontal Do Sul,,PR,,1/12/2022,,,,,,,,https://www.instagram.com/p/CYoo5H6OGjp/,,,,
747,SM,Formosa Baia,Baía Formosa,RN,,1/12/2022,,10-15 cm,,,,,,https://www.instagram.com/p/CYpRguSP7jF/,,,,
748,SM,,Peruibe SP,SP,,1/12/2022,2,,,,,,,https://www.instagram.com/p/CYnTyoBNBJM/,,,,
749,SM,"Redinha, Rio Grande Do Norte, Brazil",,RN,,1/14/2022,,,,,,,,https://www.instagram.com/p/CYsrQG_s9Nn/,,,,
750,SM,Praia Do L,,PE,,1/13/2022,,,,,,,,https://www.instagram.com/p/CYrXiMprurK/,,,,
751,SM,,"Praia Jatiuca, Maceió, Alagoas",AL,,1/15/2022,,,,,,,,https://www.instagram.com/p/CYwxLhlJSE9/,,,,
752,SM,,"Praia do Moçambique, Florianópolis",SC,,1/14/2022,,,,,,,,https://www.instagram.com/p/CYttt01h6Av/?hl=pt-br,,,,
753,SM,,"Prainha, Caraguatatuba",SP,1/16/2022 0:00,1/17/2022,,,,10 accidents,,,,https://www.instagram.com/p/CY2NLfjAIW3/,,,,
754,SM,Porto de Galinhas,,PE,,1/17/2022,,,,,,,,https://www.instagram.com/p/CY1TiGpuCfM/,,,,
755,SM,Cupe Beach Living,,PE,,1/18/2022,,,,,,,,https://www.instagram.com/p/CY5MaUOOenw/,,,,
756,SM,Ilha Do Mel- Pontal Do Sul,,PR,,1/18/2022,,,,,,,,https://www.instagram.com/p/CY5G1EDr20U/,,,,
757,SM,Ilhéus,,BA,,1/18/2022,,,,,,,,https://www.instagram.com/p/CY5EN4-stH8/,,,,
758,SM,Florianópolis,Lagoinha do Leste,SC,,1/19/2022,várias,,,,,,,https://www.instagram.com/p/CY6npU9Lqcc/,,,,
759,SM,,"Cassino, Rio Grande",RS,,1/19/2022,cheio,,,,,,,https://www.instagram.com/p/CY6npU9Lqcc/,,,,
760,SM,,Itanhaém,SP,,1/21/2022,,,,,,,,https://www.instagram.com/p/CZA-SGTOEO4/,,,,
761,SM,,"Trindade, RJ",RJ,,1/21/2022,37,5 cm,,,,,,https://www.instagram.com/p/CZARBBjFz3t/,,,,
762,SM,Praia do Moçambique,Florianópolis,SC,,1/22/2022,,,,,,,,https://www.instagram.com/p/CZDOU4OLGYZ/,,,,
763,SM,,"Praia de Pitangueiras, São Sebastião, São Paulo",SP,1/22/2022 0:00,1/28/2022,,,,1 accident,,,,https://www.instagram.com/p/CZSMRHZOR-0/,,,,
764,SM,,Pipa,RN,,1/24/2022,,,,,,,,https://www.instagram.com/p/CZHTfamrKEK/,,,,
765,SM,"Ponta Negra, Rio Grande Do Norte, Brazil",,RN,,1/25/2022,,,,,,,,https://www.instagram.com/p/CZJ2mjzLjoP/,,,,
766,SM,"Siriú, Santa Catarina, Brazil",Garopaba,SC,,1/26/2022,,,,,,,,https://www.instagram.com/p/CZMLrc7u86K/,,,,
767,SM,,Praia Central de Garopaba,SC,,1/26/2022,muitas,,,,,,,https://www.instagram.com/p/CZMLrc7u86K/,,,,
768,SM,,"Praia Azul, Paraíba, Pernambuco",PE,,1/27/2022,,,,,,,,https://www.instagram.com/p/CZPlqOZJBHC/,,,,
769,SM,,"Praia dos Astúrias, SP",SP,1/27/2022 0:00,1/27/2022,,,,1 accident,,F,"leg, hand",https://www.instagram.com/p/CZOCLceMOxM/,,,,
770,SM,,"Praia das Pitangueiras, SP",SP,1/27/2022 0:00,1/27/2022,praiacheia,,,,,,,https://www.instagram.com/p/CZOCLceMOxM/,,,,
771,SM,"Campeche, Santa Catarina, Brazil",,SC,,1/28/2022,,,,,,,,https://www.instagram.com/p/CZS7H5DFXGT/,,,,
772,SM,"Ingleses Norte, Santa Catarina",,SC,,1/28/2022,,,,,,,,https://www.instagram.com/p/CZSsRVqOo0w/,,,,
773,SM,,Caragua e Ubatuba (Cocanha e Lagoinha),SP,,1/28/2022,,,,2 accidents,,F,,https://www.instagram.com/p/CZSMRHZOR-0/,,,,
774,SM,,Ilha Comprida,SP,,1/29/2022,,,,,,,,https://www.instagram.com/p/CZUQG_vOmhH/,,,,
775,SM,Praia do Guaeca,,SP,,1/29/2022,,,,,,,,https://www.instagram.com/p/CZVEgaiJr12/,,,,
776,SM,,"Praia do Siriu, Garopaba",SC,,2/2/2022,,,,,,,,https://www.instagram.com/p/CZfeNJcu6mT/,,,,
777,SM,"Rio Tavares, Santa Catarina, Brazil",Praia de Rio Tavares,SC,,2/1/2022,,,,1 accident,,F,feet/leg,https://www.instagram.com/p/CZbvpD8uyKr/,,,,
778,SM,Porto Belo,Praia do Pereque,SC,2/3/2022 0:00,2/3/2022,,,,,,,,https://www.instagram.com/p/CZiDmcqO90Z/,,,,
779,SM,"Serrambi, Pernambuco",,PE,,2/5/2022,,,,,,,,https://www.instagram.com/p/CZmrOe-OwK6/,,,,
780,SM,,Estaleirinho. Balneario Camboriu,SC,2/6/2022 0:00,2/6/2022,,,,,,,,https://www.instagram.com/p/CZph99ehQuP/,,,,
781,SM,Praia do Marcineiro - Alagoas,,AL,2/6/2022 0:00,2/10/2022,,,,1 accident,,M,forearm,https://www.instagram.com/p/CZzHO16rmMl/,,,,
782,SM,Porto de Galinhas,,PE,,2/8/2022,,,,,,,,https://www.instagram.com/p/CZt4dPSrMBd/,,,,
783,SM,Balneário Piçarras,,SC,,2/8/2022,,,,,,,,https://www.instagram.com/p/CZvHLHNOKCZ/,,,,
784,SM,São Miguel dos Milagres,,AL,,2/8/2022,,,,,,,,https://www.instagram.com/p/CZtpk0FLUNX/,,,,
785,SM,Campeche - Ilha da Magia,,SC,,2/8/2022,,,,,,,,https://www.instagram.com/p/CZtrapvrOAt/,,,,
786,SM,"Garopaba, Santa Catarina, Brasil",,SC,,2/8/2022,,,,,,,,https://www.instagram.com/p/CZu_qejJDE2/,,,,
787,SM,Pico Da Cruz - Rio Tavares,,SC,,2/9/2022,4,,,,,,,https://www.instagram.com/p/CZxynnkgCeZ/,,,,
788,SM,"Armação do Pântano do Sul, Florianópolis",,SC,2/10/2022 0:00,2/10/2022,4,,,,,,,https://www.instagram.com/p/CZ0JdEzL-GI/,,,,
789,SM,Itajuba Beach - SC,,SC,,2/12/2022,1,,,,,,,https://www.instagram.com/p/CZ5OxH-Lpgp/,,,,
790,SM,Bombinhas SC,Bombinhas,SC,2/13/2022 0:00,2/14/2022,,,,,,,,https://www.instagram.com/p/CZ-fjYypBeY/,,,,
791,SM,"Praia Do Santinho, Florianópolis, Santa Catarina",,SC,,2/15/2022,,,,,,,,https://www.instagram.com/p/CaAUbhhLTPR/,,,,
792,SM,,Ponta do Papagaio,SC,,2/16/2022,,,,,,,,https://www.instagram.com/p/CaDx1PHs7Up/,,,,
793,SM,,Baía Formosa RN,RN,,2/19/2022,,,,,,,,https://www.instagram.com/p/CaKWmbbL5o6/,https://www.instagram.com/p/CaKWuKyrTSm/,,,
794,SM,Praia Vermelha - Vem.Pra.Penha,,SC,,2/19/2022,,,,,,,,https://www.instagram.com/p/CaKgipGOCts/,,,,
795,SM,Praia Mole,,SC,,2/26/2022,,,,,,,,https://www.instagram.com/p/Cacf8EWO92k/,,,,
796,SM,Praia da Conceição - Bombinhas,,SC,,2/27/2022,,,,,,,,https://www.instagram.com/p/CagNQxzsQzG/,,,,
797,SM,Barra Da Sucatinga,,CE,,2/27/2022,,,,,,,,https://www.instagram.com/p/CafRCZ6OoBc/,,,,
798,SM,,"Caponga, Ceara, Brazil",CE,,3/3/2022,,,,,,,,https://www.instagram.com/p/CapQTVsLvDB/,,,,
799,SM,,"Praia Grande, Penha - SC",SC,,3/3/2022,,,,,,,,https://www.instagram.com/p/Caphj1quRna/,,,,
800,SM,Praia do Patacho,,AL,,3/9/2022,,,,,,,,https://www.instagram.com/p/Ca4hdCml1XY/,,,,
801,SM,,"Praia do Rio Tavares, Florianópolis",SC,,3/11/2022,,,,,,,,https://www.instagram.com/p/Ca-hw_GDu5c/,,,,
802,SM,Ilha do Mel - PR,,PR,,3/15/2022,,,,,,,,https://www.instagram.com/p/CbIM2nWLLRc/,,,,
803,SM,Ilha do Cardoso,"Cananéia, SP",SP,,3/19/2022,,,,,,,,https://www.instagram.com/p/CbSqLX5gJRT/,,,,
804,SM,,"Praia do Pontal, Arraial do Cabo",RJ,,3/25/2022,,,,,,,,https://www.instagram.com/p/CbicjY3OHXo/?hl=pt-br,,,,
805,SM,"Pau Amarelo, Pernambuco",,PE,,3/26/2022,,,,,,,,https://www.instagram.com/p/Cblml3HutLm/,,,,
806,SM,Praia Dos Ariós,,CE,,3/29/2022,,,,,,,,https://www.instagram.com/p/CbtTCD9splf/,,,,
807,SM,"Canoa Quebrada, Ceara, Brazil",,CE,,4/1/2022,,,,touching/ holding the jellyfish/ returned to the sea,,F,,https://www.instagram.com/p/Cb1FerFMC2W/,,,,
808,SM,Aracaju,,SE,,4/3/2022,,,,,,,,https://www.instagram.com/p/Cb593s3uALu/,,,,
809,SM,São José da Coroa Grande,,PE,,4/5/2022,,,,,,,,https://www.instagram.com/p/Cb-gPwGu3cP/,,,,
810,SM,Morro de São Paulo Bahia Brasil,,BA,,4/9/2022,,,,,,,,https://www.instagram.com/p/CcIYXvquASG/,,,,
811,SM,Por Ai,Pipa,RN,,4/17/2022,,,,,,,,https://www.instagram.com/p/Cceb2K3tumk/,,,,
812,SM,Serrambi Resort,,PE,,5/1/2022,,,,,,,,https://www.instagram.com/p/CdBssvuvhIi/,,,,
813,SM,Mar de Deus,Paulo Afonso - BA ,BA,5/6/2022 0:00,5/6/2022,12,,,,,,,https://www.instagram.com/p/CdOfqLeLJss/,,,,
814,SM,Natal,,RN,,5/13/2022,,,,,,,,https://www.instagram.com/p/CdgOgVsr5x0/,,,,
815,SM,Alagoas,Praia do Francês,AL,,5/14/2022,,,,7 accidents,,,,https://www.instagram.com/p/Cdjed5sASD1/,,,,
816,SM,Gaibu Beach,,PE,,5/18/2022,1,,,1 accident,,,,https://www.instagram.com/p/CdsniUsrXG1/,,,,
817,SM,"Itapuã, Bahia, Brazil",Farol de Itapuã,BA,,6/5/2022,,10-15 cm,,,,,,https://www.instagram.com/p/CebaBAquy0s/,,,,
818,SM,,Praia de Pipa,RN,,7/21/2022,,,,,,,,https://www.instagram.com/p/CgSUXJ6JFpg/,https://www.instagram.com/p/CgSUUvtJiVX/,https://www.instagram.com/p/CgSUWFwp0ed/,https://www.instagram.com/p/CgSUY78prRM/,https://www.instagram.com/p/CgSUYChp-pH/
819,SM,Praias do Sul Ilhéus,,BA,,7/24/2022,,,,,,,,https://www.instagram.com/p/CgaotBhMFmE/?hl=pt-br,,,,
820,SM,Orla - Aracaju,,SE,,8/6/2022,,,,,,,,https://www.instagram.com/p/Cg7hUIkO8vF/?hl=pt-br,,,,
821,SM,Aracaju,,SE,,8/21/2022,,,,,,,,https://www.instagram.com/p/ChiFxrzJu4x/?hl=pt-br,,,,
822,SM,"Boa Viagem, Pernambuco, Brazil",,PE,,8/25/2022,,,,,,,,https://www.instagram.com/p/Chrj8-duQkm/?hl=pt-br,,,,
823,SM,Praia de Pernambuco,,PE,,8/31/2022,,,,,,,,https://www.instagram.com/p/Ch8BLtwPPpL/?hl=pt-br,,,,
824,SM,,Praia de Boa Viagem,PE,,9/8/2022,,,,,,,,https://www.instagram.com/p/CiQCmzhu96y/?hl=pt-br,,,,
825,SM,Praia De Carimã- Raposa,,MA,,9/9/2022,,,,,,,,https://www.instagram.com/p/Cizo_SUOs8C/?hl=pt-br,,,,
826,SM,"Salinas, Para, Brazil",,PA,,9/16/2022,,,,,,,,https://www.instagram.com/p/CilORSig7Lz/?hl=pt-br,,,,
827,SM,,Guarujá/SP,SP,,9/17/2022,,,,,,,,https://www.instagram.com/p/CioWn8WOHJS/?hl=pt-br,,,,
828,SM,"Jauá, Bahia, Brazil",,BA,,9/21/2022,,,,,,,,https://www.instagram.com/p/CixuIXIOm5j/?hl=pt-br,,,,
829,SM,Praia Do Presidio Aquiraz,,CE,,9/22/2022,,,,,,,,https://www.instagram.com/p/CiSzb1XOwo2/?hl=pt-br,,,,
830,SM,,"Praia branca, Guarujá",SP,,9/30/2022,,,,,,,,https://www.instagram.com/p/CjIW8bQj_S6/?hl=pt-br,,,,
831,SM,Praia Da Daniela,,SC,,10/7/2022,,,,,,,,https://www.instagram.com/p/CjbdcUNLTAc/?hl=pt-br,,,,
832,SM,"Búzios, Rio de Janeiro, Brasil",,RJ,10/7/2022 0:00,10/8/2022,,,,,,,,https://www.instagram.com/p/Cjdr8DVL25M/?hl=pt-br,,,,
833,SM,Morro Branco - Ceará,,CE,,10/13/2022,,,,,,,,https://www.instagram.com/p/CjpxqXaL7Ln/?hl=pt-br,,,,
834,SM,,Praia do Sono,RJ,,10/15/2022,,,,,,,,https://www.instagram.com/p/Cju0kn3Onnk/?hl=pt-br,,,,
835,SM,Praia da Caueira- Itaporanga D' Ajuda-SE,,SE,,10/15/2022,,,,,,,,https://www.instagram.com/p/CjwNKKGuZoa/?hl=pt-br,,,,
836,SM,Aruana Beach,,SE,,10/16/2022,,,,,,,,https://www.instagram.com/p/CjyemvZPUTT/?hl=pt-br,,,,
837,SM,"Campeche, Santa Catarina, Brazil",,SC,,10/24/2022,,,,,,,,https://www.instagram.com/p/CkFzTI9OkH6/?hl=pt-br,,,,
838,SM,Praia de Aruana,,SE,,10/29/2022,,,,,,,,https://www.instagram.com/p/CkUI28-O30k/?hl=pt-br,,,,
839,SM,Praia Brava de Camburi,,SP,,11/4/2022,,,,,,,,https://www.instagram.com/p/Ckjr_ovOkaI/?hl=pt-br,,,,
840,SM,Praia Do Sitio Do Conde,,BA,,11/4/2022,,,,,,,,https://www.instagram.com/p/Ckiq7SIMDPK/?hl=pt-br,,,,
841,SM,"Guarujá, Brazil",,SP,,11/8/2022,,,,,,,,https://www.instagram.com/p/CksxuJVMZxx/?hl=pt-br,https://www.instagram.com/p/CksxwVbsWAf/?hl=pt-br,https://www.instagram.com/p/CksxrhgMUt_/?hl=pt-br,,
842,SM,"Boa Viagem, Pernambuco, Brazil",,PE,,11/12/2022,,,,,,,,https://www.instagram.com/p/Ck3SUvmO3WI/?hl=pt-br,,,,
843,SM,Ilha Comprida,,SP,,11/19/2022,,,,,,,,https://www.instagram.com/p/ClJJr_JLSy1/?hl=pt-br,,,,
844,SM,Florianópolis,,SC,,11/28/2022,,,,,,,,https://www.instagram.com/p/Clgbo5bLSa-/?hl=pt-br,,,,
845,SM,,Florianópolis,SC,,11/29/2022,,,,,,,,https://www.instagram.com/p/CljzRC9uQD6/?hl=pt-br,,,,
846,SM,,"Nereidas e Coroados, Guaratuba",PR,11/30/2022 0:00,11/30/2022,100+,15-20 cm,,,,,,https://www.instagram.com/p/CllX0_TDtNe/?hl=pt-br,,,,
847,SM,Ilha Da Magia - Balneário Açores,,SC,,12/1/2022,,,,,,,,https://www.instagram.com/p/ClpGLyhv6EF/?hl=pt-br,,,,
848,SM,,"Itapema, Meia Praia",SC,,12/2/2022,,,,,,,,https://www.instagram.com/p/ClrVvK_v88Y/?hl=pt-br,,,,
849,SM,Farol da Solidão,,RS,,12/5/2022,,,,,,,,https://www.instagram.com/p/Clygnc8O_u9/?hl=pt-br,,,,
850,SM,"Praia Mole, Florianopolis",,SC,12/6/2022 0:00,12/6/2022,,,,1 accident,,F,,https://www.instagram.com/p/Cl1wzZovhIH/?hl=pt-br,,,,
851,SM,Floripa - Ilha da Magia,,SC,,12/7/2022,,,,,,,,https://www.instagram.com/p/Cl3aaZXrqqQ/?hl=pt-br,,,,
852,SM,,"Campeche, Florianópolis",SC,,12/8/2022,,,,,,,,https://www.instagram.com/p/Cl4jAvxLZE5/?hl=pt-br,,,,
853,SM,"Praia dos Ingleses, Florianópolis, Santa Catarina",,SC,,12/9/2022,,,,,,,,https://www.instagram.com/p/Cl7m26Du-5W/?hl=pt-br,,,,
854,SM,Praia - Matinhos - Balneário De Caravelas,,PR,,12/12/2022,,,,,,,,https://www.instagram.com/p/CmEnGjbu3n7/?hl=pt-br,,,,
855,SM,Campeche - Ilha da Magia,,SC,,12/12/2022,muitas,,,,,,,https://www.instagram.com/p/Cl1-xpmrFWl/?hl=pt-br,,,,
856,SM,Peruibe-SP,,SP,,12/12/2022,,,,,,,,https://www.instagram.com/p/CmCq7K7PjWl/?hl=pt-br,,,,
857,SM,,Palhoça,SC,,12/12/2022,,,Strandings of Glaucus atlanticus,,,,,https://www.instagram.com/p/CmEzRtbOBVO/?hl=pt-br,,,,
858,SM,Cananéia,,SP,,12/15/2022,,,,,,,,https://www.instagram.com/p/CmM2U3QO92C/?hl=pt-br,,,,
859,SM,Florianópolis,Praia do Santinho,SC,,12/16/2022,,,,,,,,https://www.instagram.com/p/CmPIznKOpKh/?hl=pt-br,,,,
860,SM,,Imbassaí,BA,,12/20/2022,,,,,,,,https://www.instagram.com/p/CmaGdJ9uAI5/?hl=pt-br,,,,
861,SM,"Ponta Negra, Rio Grande Do Norte, Brazil",,RN,,12/20/2022,,,,,,,,https://www.instagram.com/p/CmY-sU3O5d5/?hl=pt-br,,,,
862,SM,"Campeche, Santa Catarina, Brazil",,SC,,12/29/2022,,,,,,,,https://www.instagram.com/p/CmvdU8ksjyi/?hl=pt-br,,,,
863,SM,,"Ponta de Campina, Cabedelo",PB,,12/30/2022,,,,,,,,https://www.instagram.com/p/CmzhTXIvgGA/?hl=pt-br,,,,
